00 00,00 94,Block ACK,N/A,CTL,a:8d:db:17:f8:19,b8:27:eb:fe:fd:b1,XX:XX:XX:XX:XX:XX,2.462000,0.0175
00 00,00 94,Block ACK,N/A,CTL,1c:e6:c7:d:d:b0,b8:d7:af:5:ea:7a,XX:XX:XX:XX:XX:XX,2.437000,0.0175
00 00,00 94,Block ACK,N/A,CTL,9c:e3:3f:5:49:c9,1c:e6:c7:3e:73:c0,XX:XX:XX:XX:XX:XX,2.412000,0.0152
00 00,00 94,Block ACK,N/A,CTL,b8:27:eb:9e:71:71,c:8d:db:17:f8:19,XX:XX:XX:XX:XX:XX,2.462000,0.0128
00 00,00 94,Block ACK,N/A,CTL,b8:d7:af:5:ea:7a,1c:e6:c7:d:d:b0,XX:XX:XX:XX:XX:XX,2.437000,0.0105
00 00,00 94,Block ACK,N/A,CTL,a:8d:db:17:f8:19,b8:27:eb:b4:4e:2c,XX:XX:XX:XX:XX:XX,2.462000,0.0105
00 00,00 94,Block ACK,N/A,CTL,a:8d:db:17:f8:19,b8:27:eb:9b:4c:10,XX:XX:XX:XX:XX:XX,2.462000,0.0093
00 00,00 94,Block ACK,N/A,CTL,b8:27:eb:d8:cb:82,a:8d:db:17:f8:19,XX:XX:XX:XX:XX:XX,2.462000,0.0082
00 3c,08 50,Probe Response,UNKNOWN,4094,b8:27:eb:9b:4c:10,ba:86:87:6e:ad:f1,ba:86:87:6e:ad:f1,2.437000,0.0046
00 3c,08 50,Probe Response,UNKNOWN,106,e:8d:fb:84:9b:ff,ba:86:87:6e:ad:f1,ba:86:87:6e:ad:f1,2.437000,0.0046
00 3c,08 50,Probe Response,UNKNOWN,52,94:65:9c:79:1b:66,ba:86:87:6e:ad:f1,ba:86:87:6e:ad:f1,2.437000,0.0035
00 3c,08 50,Probe Response,UNKNOWN,4052,b8:27:eb:b4:4e:2c,ba:86:87:6e:ad:f1,ba:86:87:6e:ad:f1,2.437000,0.0035
00 3c,08 50,Probe Response,UNKNOWN,1,b8:27:eb:9b:4c:10,ba:86:87:6e:ad:f1,ba:86:87:6e:ad:f1,2.437000,0.0035
00 3c,08 50,Probe Response,UNKNOWN,18,b8:27:eb:9e:71:71,ba:86:87:6e:ad:f1,ba:86:87:6e:ad:f1,2.437000,0.0035
00 18,00 94,Block ACK,N/A,CTL,a:8d:db:17:f8:19,b8:27:eb:9b:4c:10,XX:XX:XX:XX:XX:XX,2.462000,0.0035
00 0c,00 94,Block ACK,N/A,CTL,a:8d:db:17:f8:19,b8:27:eb:fe:fd:b1,XX:XX:XX:XX:XX:XX,2.462000,0.0035
00 00,00 94,Block ACK,N/A,CTL,b8:27:eb:fe:fd:b1,a:8d:db:17:f8:19,XX:XX:XX:XX:XX:XX,2.462000,0.0035
00 3c,08 50,Probe Response,UNKNOWN,6,b8:27:eb:fe:fd:b1,ba:86:87:6e:ad:f1,ba:86:87:6e:ad:f1,2.437000,0.0023
00 3c,08 50,Probe Response,UNKNOWN,4,b8:27:eb:9b:4c:10,ba:86:87:6e:ad:f1,ba:86:87:6e:ad:f1,2.437000,0.0023
00 3c,08 50,Probe Response,UNKNOWN,4095,b8:27:eb:9b:4c:10,ba:86:87:6e:ad:f1,ba:86:87:6e:ad:f1,2.437000,0.0023
00 3c,08 50,Probe Response,UNKNOWN,4064,b8:27:eb:98:fb:7b,ba:86:87:6e:ad:f1,ba:86:87:6e:ad:f1,2.437000,0.0023
00 3c,08 50,Probe Response,UNKNOWN,4063,e:8d:fb:84:9b:ff,ba:86:87:6e:ad:f1,ba:86:87:6e:ad:f1,2.437000,0.0023
00 3c,08 50,Probe Response,UNKNOWN,4060,b8:27:eb:98:fb:7b,ba:86:87:6e:ad:f1,ba:86:87:6e:ad:f1,2.437000,0.0023
00 3c,08 50,Probe Response,UNKNOWN,4058,e:8d:fb:17:f8:19,ba:86:87:6e:ad:f1,ba:86:87:6e:ad:f1,2.437000,0.0023
00 3c,08 50,Probe Response,UNKNOWN,15,b8:27:eb:fe:fd:b1,ba:86:87:6e:ad:f1,ba:86:87:6e:ad:f1,2.437000,0.0023
00 3c,08 50,Probe Response,UNKNOWN,10,b8:27:eb:fe:fd:b1,ba:86:87:6e:ad:f1,ba:86:87:6e:ad:f1,2.437000,0.0023
00 00,00 94,Block ACK,N/A,CTL,1c:e6:c7:3e:73:c0,9c:e3:3f:5:49:c9,XX:XX:XX:XX:XX:XX,2.412000,0.0023
01 58,11 48,Null,N/A,2743,1c:e6:c7:3e:73:c0,9c:e3:3f:5:49:c9,1c:e6:c7:3e:73:c0,2.412000,0.0011
00 3c,41 88,QoS Data,N/A,2608,e:8d:cb:84:9b:ff,34:f6:4b:7e:72:23,c:8d:db:84:9b:ff,5.180000,0.0011
00 3c,11 c8,QoS Null,N/A,0,e:8d:cb:84:9b:ff,34:f6:4b:7e:72:23,e:8d:cb:84:9b:ff,5.180000,0.0011
00 3c,11 48,Null,N/A,2409,a:8d:db:17:f8:19,5c:cf:7f:e3:5a:7f,a:8d:db:17:f8:19,2.462000,0.0011
00 3c,09 48,Null,N/A,2412,a:8d:db:17:f8:19,5c:cf:7f:e3:5a:7f,a:8d:db:17:f8:19,2.462000,0.0011
00 3c,09 48,Null,N/A,2404,a:8d:db:17:f8:19,5c:cf:7f:e3:5a:7f,a:8d:db:17:f8:19,2.462000,0.0011
00 3c,08 50,Probe Response,UNKNOWN,93,0:24:d7:1e:cf:f4,ba:86:87:6e:ad:f1,ba:86:87:6e:ad:f1,2.437000,0.0011
00 3c,08 50,Probe Response,UNKNOWN,62,e:8d:fb:17:f8:19,ba:86:87:6e:ad:f1,ba:86:87:6e:ad:f1,2.437000,0.0011
00 3c,08 50,Probe Response,UNKNOWN,50,94:65:9c:79:1b:66,ba:86:87:6e:ad:f1,ba:86:87:6e:ad:f1,2.437000,0.0011
00 3c,08 50,Probe Response,UNKNOWN,4069,b8:27:eb:98:fb:7b,ba:86:87:6e:ad:f1,ba:86:87:6e:ad:f1,2.437000,0.0011
00 3c,08 50,Probe Response,UNKNOWN,4061,b8:27:eb:98:fb:7b,ba:86:87:6e:ad:f1,ba:86:87:6e:ad:f1,2.437000,0.0011
00 3c,08 50,Probe Response,UNKNOWN,35,b8:27:eb:d8:cb:82,ba:86:87:6e:ad:f1,ba:86:87:6e:ad:f1,2.437000,0.0011
00 3c,08 50,Probe Response,UNKNOWN,33,b8:27:eb:d8:cb:82,ba:86:87:6e:ad:f1,ba:86:87:6e:ad:f1,2.437000,0.0011
00 3c,08 50,Probe Response,UNKNOWN,25,b8:27:eb:9e:71:71,ba:86:87:6e:ad:f1,ba:86:87:6e:ad:f1,2.437000,0.0011
00 3c,08 50,Probe Response,UNKNOWN,20,b8:27:eb:9e:71:71,ba:86:87:6e:ad:f1,ba:86:87:6e:ad:f1,2.437000,0.0011
00 3c,01 c8,QoS Null,N/A,0,e:8d:cb:84:9b:ff,34:f6:4b:7e:72:23,e:8d:cb:84:9b:ff,5.180000,0.0011
00 3c,00 50,Probe Response,UNKNOWN,93,0:24:d7:1e:cf:f4,ba:86:87:6e:ad:f1,ba:86:87:6e:ad:f1,2.437000,0.0011
00 3c,00 50,Probe Response,UNKNOWN,62,e:8d:fb:17:f8:19,ba:86:87:6e:ad:f1,ba:86:87:6e:ad:f1,2.437000,0.0011
00 3c,00 50,Probe Response,UNKNOWN,4068,b8:27:eb:98:fb:7b,ba:86:87:6e:ad:f1,ba:86:87:6e:ad:f1,2.437000,0.0011
00 3c,00 50,Probe Response,UNKNOWN,4063,e:8d:fb:84:9b:ff,ba:86:87:6e:ad:f1,ba:86:87:6e:ad:f1,2.437000,0.0011
00 3c,00 50,Probe Response,UNKNOWN,4061,b8:27:eb:98:fb:7b,ba:86:87:6e:ad:f1,ba:86:87:6e:ad:f1,2.437000,0.0011
00 3c,00 50,Probe Response,UNKNOWN,4054,b8:27:eb:b4:4e:2c,ba:86:87:6e:ad:f1,ba:86:87:6e:ad:f1,2.437000,0.0011
00 3c,00 50,Probe Response,UNKNOWN,35,b8:27:eb:d8:cb:82,ba:86:87:6e:ad:f1,ba:86:87:6e:ad:f1,2.437000,0.0011
00 3c,00 50,Probe Response,UNKNOWN,25,b8:27:eb:9e:71:71,ba:86:87:6e:ad:f1,ba:86:87:6e:ad:f1,2.437000,0.0011
00 3c,00 50,Probe Response,UNKNOWN,21,b8:27:eb:9e:71:71,ba:86:87:6e:ad:f1,ba:86:87:6e:ad:f1,2.437000,0.0011
00 3c,00 50,Probe Response,UNKNOWN,169,54:27:1e:6b:b7:f1,1e:8d:cb:84:9b:ff,1e:8d:cb:84:9b:ff,5.180000,0.0011
00 3c,00 50,Probe Response,UNKNOWN,168,54:27:1e:6b:b7:f1,a:8d:cb:84:9b:ff,a:8d:cb:84:9b:ff,5.180000,0.0011
00 3c,00 50,Probe Response,UNKNOWN,168,54:27:1e:6b:b7:f1,1e:8d:cb:84:9b:ff,1e:8d:cb:84:9b:ff,5.180000,0.0011
00 3c,00 50,Probe Response,UNKNOWN,1493,54:27:1e:6b:b7:f1,e:8d:cb:84:9b:ff,e:8d:cb:84:9b:ff,5.180000,0.0011
00 3c,00 50,Probe Response,UNKNOWN,1247,54:27:1e:6b:b7:f1,2:8d:cb:84:9b:ff,2:8d:cb:84:9b:ff,5.180000,0.0011
00 3c,00 50,Probe Response,UNKNOWN,11,b8:27:eb:fe:fd:b1,ba:86:87:6e:ad:f1,ba:86:87:6e:ad:f1,2.437000,0.0011
00 3c,00 50,Probe Response,UNKNOWN,113,54:27:1e:6b:b7:f1,6:8d:cb:84:9b:ff,6:8d:cb:84:9b:ff,5.180000,0.0011
00 3c,00 50,Probe Response,UNKNOWN,112,54:27:1e:6b:b7:f1,6:8d:cb:84:9b:ff,6:8d:cb:84:9b:ff,5.180000,0.0011
00 2c,19 48,Null,N/A,2777,1c:e6:c7:d:d:b0,b8:d7:af:5:ea:7a,1c:e6:c7:d:d:b0,2.437000,0.0011
00 2c,11 48,Null,N/A,2776,1c:e6:c7:d:d:b0,b8:d7:af:5:ea:7a,1c:e6:c7:d:d:b0,2.437000,0.0011
00 00,00 94,Block ACK,N/A,CTL,c:8d:db:18:2:a2,90:a2:da:f3:12:25,XX:XX:XX:XX:XX:XX,2.462000,0.0011
00 00,00 94,Block ACK,N/A,CTL,b8:27:eb:b4:4e:2c,a:8d:db:17:f8:19,XX:XX:XX:XX:XX:XX,2.462000,0.0011
00 00,00 94,Block ACK,N/A,CTL,8c:85:90:d:4:ab,88:75:56:c7:f9:40,XX:XX:XX:XX:XX:XX,2.412000,0.0011
00 00,00 94,Block ACK,N/A,CTL,0:e1:b0:10:10:12,1c:e6:c7:3e:73:c0,XX:XX:XX:XX:XX:XX,2.412000,0.0011
00 00,00 80,Beacon,WiFiLab,1232,ff:ff:ff:ff:ff:ff,6:8d:cb:84:9b:ff,6:8d:cb:84:9b:ff,5.180000,0.0011
00 00,00 80,Beacon,WiFiLab,1229,ff:ff:ff:ff:ff:ff,6:8d:cb:84:9b:ff,6:8d:cb:84:9b:ff,5.180000,0.0011
00 00,00 80,Beacon,WiFiLab,1228,ff:ff:ff:ff:ff:ff,6:8d:cb:84:9b:ff,6:8d:cb:84:9b:ff,5.180000,0.0011
00 00,00 80,Beacon,WiFiLab,1227,ff:ff:ff:ff:ff:ff,6:8d:cb:84:9b:ff,6:8d:cb:84:9b:ff,5.180000,0.0011
00 00,00 80,Beacon,WiFiLab,1226,ff:ff:ff:ff:ff:ff,6:8d:cb:84:9b:ff,6:8d:cb:84:9b:ff,5.180000,0.0011
00 00,00 80,Beacon,WiFiLab,1225,ff:ff:ff:ff:ff:ff,6:8d:cb:84:9b:ff,6:8d:cb:84:9b:ff,5.180000,0.0011
00 00,00 80,Beacon,WiFiLab,1224,ff:ff:ff:ff:ff:ff,6:8d:cb:84:9b:ff,6:8d:cb:84:9b:ff,5.180000,0.0011
00 00,00 80,Beacon,WiFiLab,1222,ff:ff:ff:ff:ff:ff,6:8d:cb:84:9b:ff,6:8d:cb:84:9b:ff,5.180000,0.0011
00 00,00 80,Beacon,WiFiLab,1219,ff:ff:ff:ff:ff:ff,6:8d:cb:84:9b:ff,6:8d:cb:84:9b:ff,5.180000,0.0011
00 00,00 80,Beacon,WiFiLab,1218,ff:ff:ff:ff:ff:ff,6:8d:cb:84:9b:ff,6:8d:cb:84:9b:ff,5.180000,0.0011
00 00,00 80,Beacon,WiFiLab,1217,ff:ff:ff:ff:ff:ff,6:8d:cb:84:9b:ff,6:8d:cb:84:9b:ff,5.180000,0.0011
00 00,00 80,Beacon,WiFiLab,1215,ff:ff:ff:ff:ff:ff,6:8d:cb:84:9b:ff,6:8d:cb:84:9b:ff,5.180000,0.0011
00 00,00 80,Beacon,WiFiLab,1213,ff:ff:ff:ff:ff:ff,6:8d:cb:84:9b:ff,6:8d:cb:84:9b:ff,5.180000,0.0011
00 00,00 80,Beacon,WiFiLab,1211,ff:ff:ff:ff:ff:ff,6:8d:cb:84:9b:ff,6:8d:cb:84:9b:ff,5.180000,0.0011
00 00,00 80,Beacon,WiFiLab,1210,ff:ff:ff:ff:ff:ff,6:8d:cb:84:9b:ff,6:8d:cb:84:9b:ff,5.180000,0.0011
00 00,00 80,Beacon,WiFiLab,1207,ff:ff:ff:ff:ff:ff,6:8d:cb:84:9b:ff,6:8d:cb:84:9b:ff,5.180000,0.0011
00 00,00 80,Beacon,WiFiLab,1206,ff:ff:ff:ff:ff:ff,6:8d:cb:84:9b:ff,6:8d:cb:84:9b:ff,5.180000,0.0011
00 00,00 80,Beacon,WiFiLab,1205,ff:ff:ff:ff:ff:ff,6:8d:cb:84:9b:ff,6:8d:cb:84:9b:ff,5.180000,0.0011
00 00,00 80,Beacon,WiFiLab,1204,ff:ff:ff:ff:ff:ff,6:8d:cb:84:9b:ff,6:8d:cb:84:9b:ff,5.180000,0.0011
00 00,00 80,Beacon,WiFiLab,1202,ff:ff:ff:ff:ff:ff,6:8d:cb:84:9b:ff,6:8d:cb:84:9b:ff,5.180000,0.0011
00 00,00 80,Beacon,WiFiLab,1201,ff:ff:ff:ff:ff:ff,6:8d:cb:84:9b:ff,6:8d:cb:84:9b:ff,5.180000,0.0011
00 00,00 80,Beacon,WiFiLab,1200,ff:ff:ff:ff:ff:ff,6:8d:cb:84:9b:ff,6:8d:cb:84:9b:ff,5.180000,0.0011
00 00,00 80,Beacon,WiFiLab,1199,ff:ff:ff:ff:ff:ff,6:8d:cb:84:9b:ff,6:8d:cb:84:9b:ff,5.180000,0.0011
00 00,00 80,Beacon,WiFiLab,1198,ff:ff:ff:ff:ff:ff,6:8d:cb:84:9b:ff,6:8d:cb:84:9b:ff,5.180000,0.0011
00 00,00 80,Beacon,WiFiLab,1197,ff:ff:ff:ff:ff:ff,6:8d:cb:84:9b:ff,6:8d:cb:84:9b:ff,5.180000,0.0011
00 00,00 80,Beacon,WiFiLab,1196,ff:ff:ff:ff:ff:ff,6:8d:cb:84:9b:ff,6:8d:cb:84:9b:ff,5.180000,0.0011
00 00,00 80,Beacon,WiFiLab,1195,ff:ff:ff:ff:ff:ff,6:8d:cb:84:9b:ff,6:8d:cb:84:9b:ff,5.180000,0.0011
00 00,00 80,Beacon,WiFiLab,1194,ff:ff:ff:ff:ff:ff,6:8d:cb:84:9b:ff,6:8d:cb:84:9b:ff,5.180000,0.0011
00 00,00 80,Beacon,WiFiLab,1193,ff:ff:ff:ff:ff:ff,6:8d:cb:84:9b:ff,6:8d:cb:84:9b:ff,5.180000,0.0011
00 00,00 80,Beacon,WiFiLab,1192,ff:ff:ff:ff:ff:ff,6:8d:cb:84:9b:ff,6:8d:cb:84:9b:ff,5.180000,0.0011
00 00,00 80,Beacon,WiFiLab,1191,ff:ff:ff:ff:ff:ff,6:8d:cb:84:9b:ff,6:8d:cb:84:9b:ff,5.180000,0.0011
00 00,00 80,Beacon,WiFiLab,1190,ff:ff:ff:ff:ff:ff,6:8d:cb:84:9b:ff,6:8d:cb:84:9b:ff,5.180000,0.0011
00 00,00 80,Beacon,WiFiLab,1188,ff:ff:ff:ff:ff:ff,6:8d:cb:84:9b:ff,6:8d:cb:84:9b:ff,5.180000,0.0011
00 00,00 80,Beacon,WiFiLab,1187,ff:ff:ff:ff:ff:ff,6:8d:cb:84:9b:ff,6:8d:cb:84:9b:ff,5.180000,0.0011
00 00,00 80,Beacon,WiFiLab,1186,ff:ff:ff:ff:ff:ff,6:8d:cb:84:9b:ff,6:8d:cb:84:9b:ff,5.180000,0.0011
00 00,00 80,Beacon,WiFiLab,1185,ff:ff:ff:ff:ff:ff,6:8d:cb:84:9b:ff,6:8d:cb:84:9b:ff,5.180000,0.0011
00 00,00 80,Beacon,WiFiLab,1184,ff:ff:ff:ff:ff:ff,6:8d:cb:84:9b:ff,6:8d:cb:84:9b:ff,5.180000,0.0011
00 00,00 80,Beacon,WiFiLab,1182,ff:ff:ff:ff:ff:ff,6:8d:cb:84:9b:ff,6:8d:cb:84:9b:ff,5.180000,0.0011
00 00,00 80,Beacon,WiFiLab,1180,ff:ff:ff:ff:ff:ff,6:8d:cb:84:9b:ff,6:8d:cb:84:9b:ff,5.180000,0.0011
00 00,00 80,Beacon,WiFiLab,1179,ff:ff:ff:ff:ff:ff,6:8d:cb:84:9b:ff,6:8d:cb:84:9b:ff,5.180000,0.0011
00 00,00 80,Beacon,WiFiLab,1177,ff:ff:ff:ff:ff:ff,6:8d:cb:84:9b:ff,6:8d:cb:84:9b:ff,5.180000,0.0011
00 00,00 80,Beacon,WiFiLab,1176,ff:ff:ff:ff:ff:ff,6:8d:cb:84:9b:ff,6:8d:cb:84:9b:ff,5.180000,0.0011
00 00,00 80,Beacon,WiFiLab,1175,ff:ff:ff:ff:ff:ff,6:8d:cb:84:9b:ff,6:8d:cb:84:9b:ff,5.180000,0.0011
00 00,00 80,Beacon,WiFiLab,1172,ff:ff:ff:ff:ff:ff,6:8d:cb:84:9b:ff,6:8d:cb:84:9b:ff,5.180000,0.0011
00 00,00 80,Beacon,WiFiLab,1171,ff:ff:ff:ff:ff:ff,6:8d:cb:84:9b:ff,6:8d:cb:84:9b:ff,5.180000,0.0011
00 00,00 80,Beacon,WiFiLab,1168,ff:ff:ff:ff:ff:ff,6:8d:cb:84:9b:ff,6:8d:cb:84:9b:ff,5.180000,0.0011
00 00,00 80,Beacon,WiFiLab,1167,ff:ff:ff:ff:ff:ff,6:8d:cb:84:9b:ff,6:8d:cb:84:9b:ff,5.180000,0.0011
00 00,00 80,Beacon,WiFiLab,1166,ff:ff:ff:ff:ff:ff,6:8d:cb:84:9b:ff,6:8d:cb:84:9b:ff,5.180000,0.0011
00 00,00 80,Beacon,WiFiLab,1165,ff:ff:ff:ff:ff:ff,6:8d:cb:84:9b:ff,6:8d:cb:84:9b:ff,5.180000,0.0011
00 00,00 80,Beacon,WiFiLab,1163,ff:ff:ff:ff:ff:ff,6:8d:cb:84:9b:ff,6:8d:cb:84:9b:ff,5.180000,0.0011
00 00,00 80,Beacon,WiFiLab,1162,ff:ff:ff:ff:ff:ff,6:8d:cb:84:9b:ff,6:8d:cb:84:9b:ff,5.180000,0.0011
00 00,00 80,Beacon,WiFiLab,1161,ff:ff:ff:ff:ff:ff,6:8d:cb:84:9b:ff,6:8d:cb:84:9b:ff,5.180000,0.0011
00 00,00 80,Beacon,WiFiLab,1160,ff:ff:ff:ff:ff:ff,6:8d:cb:84:9b:ff,6:8d:cb:84:9b:ff,5.180000,0.0011
00 00,00 80,Beacon,WiFiLab,1159,ff:ff:ff:ff:ff:ff,6:8d:cb:84:9b:ff,6:8d:cb:84:9b:ff,5.180000,0.0011
00 00,00 80,Beacon,WiFiLab,1158,ff:ff:ff:ff:ff:ff,6:8d:cb:84:9b:ff,6:8d:cb:84:9b:ff,5.180000,0.0011
00 00,00 80,Beacon,WiFiLab,1157,ff:ff:ff:ff:ff:ff,6:8d:cb:84:9b:ff,6:8d:cb:84:9b:ff,5.180000,0.0011
00 00,00 80,Beacon,WiFiLab,1155,ff:ff:ff:ff:ff:ff,6:8d:cb:84:9b:ff,6:8d:cb:84:9b:ff,5.180000,0.0011
00 00,00 80,Beacon,WiFiLab,1154,ff:ff:ff:ff:ff:ff,6:8d:cb:84:9b:ff,6:8d:cb:84:9b:ff,5.180000,0.0011
00 00,00 80,Beacon,WiFiLab,1152,ff:ff:ff:ff:ff:ff,6:8d:cb:84:9b:ff,6:8d:cb:84:9b:ff,5.180000,0.0011
00 00,00 80,Beacon,WiFiLab,1151,ff:ff:ff:ff:ff:ff,6:8d:cb:84:9b:ff,6:8d:cb:84:9b:ff,5.180000,0.0011
00 00,00 80,Beacon,WiFiLab,1150,ff:ff:ff:ff:ff:ff,6:8d:cb:84:9b:ff,6:8d:cb:84:9b:ff,5.180000,0.0011
00 00,00 80,Beacon,WiFiLab,1145,ff:ff:ff:ff:ff:ff,6:8d:cb:84:9b:ff,6:8d:cb:84:9b:ff,5.180000,0.0011
00 00,00 80,Beacon,WiFiLab,1144,ff:ff:ff:ff:ff:ff,6:8d:cb:84:9b:ff,6:8d:cb:84:9b:ff,5.180000,0.0011
00 00,00 80,Beacon,WiFiLab,1143,ff:ff:ff:ff:ff:ff,6:8d:cb:84:9b:ff,6:8d:cb:84:9b:ff,5.180000,0.0011
00 00,00 80,Beacon,WiFiLab,1141,ff:ff:ff:ff:ff:ff,6:8d:cb:84:9b:ff,6:8d:cb:84:9b:ff,5.180000,0.0011
00 00,00 80,Beacon,WiFiLab,1140,ff:ff:ff:ff:ff:ff,6:8d:cb:84:9b:ff,6:8d:cb:84:9b:ff,5.180000,0.0011
00 00,00 80,Beacon,WiFiLab,1139,ff:ff:ff:ff:ff:ff,6:8d:cb:84:9b:ff,6:8d:cb:84:9b:ff,5.180000,0.0011
00 00,00 80,Beacon,WiFiLab,1138,ff:ff:ff:ff:ff:ff,6:8d:cb:84:9b:ff,6:8d:cb:84:9b:ff,5.180000,0.0011
00 00,00 80,Beacon,WiFiLab,1137,ff:ff:ff:ff:ff:ff,6:8d:cb:84:9b:ff,6:8d:cb:84:9b:ff,5.180000,0.0011
00 00,00 80,Beacon,WiFiLab,1133,ff:ff:ff:ff:ff:ff,6:8d:cb:84:9b:ff,6:8d:cb:84:9b:ff,5.180000,0.0011
00 00,00 80,Beacon,WiFiLab,1132,ff:ff:ff:ff:ff:ff,6:8d:cb:84:9b:ff,6:8d:cb:84:9b:ff,5.180000,0.0011
00 00,00 80,Beacon,WiFiLab,1129,ff:ff:ff:ff:ff:ff,6:8d:cb:84:9b:ff,6:8d:cb:84:9b:ff,5.180000,0.0011
00 00,00 80,Beacon,WiFiLab,1128,ff:ff:ff:ff:ff:ff,6:8d:cb:84:9b:ff,6:8d:cb:84:9b:ff,5.180000,0.0011
00 00,00 80,Beacon,WiFiLab,1127,ff:ff:ff:ff:ff:ff,6:8d:cb:84:9b:ff,6:8d:cb:84:9b:ff,5.180000,0.0011
00 00,00 80,Beacon,WiFiLab,1125,ff:ff:ff:ff:ff:ff,6:8d:cb:84:9b:ff,6:8d:cb:84:9b:ff,5.180000,0.0011
00 00,00 80,Beacon,WiFiLab,1124,ff:ff:ff:ff:ff:ff,6:8d:cb:84:9b:ff,6:8d:cb:84:9b:ff,5.180000,0.0011
00 00,00 80,Beacon,WiFiLab,1121,ff:ff:ff:ff:ff:ff,6:8d:cb:84:9b:ff,6:8d:cb:84:9b:ff,5.180000,0.0011
00 00,00 80,Beacon,WiFiLab,1119,ff:ff:ff:ff:ff:ff,6:8d:cb:84:9b:ff,6:8d:cb:84:9b:ff,5.180000,0.0011
00 00,00 80,Beacon,WiFiLab,1118,ff:ff:ff:ff:ff:ff,6:8d:cb:84:9b:ff,6:8d:cb:84:9b:ff,5.180000,0.0011
00 00,00 80,Beacon,WiFiLab,1117,ff:ff:ff:ff:ff:ff,6:8d:cb:84:9b:ff,6:8d:cb:84:9b:ff,5.180000,0.0011
00 00,00 80,Beacon,WiFiLab,1116,ff:ff:ff:ff:ff:ff,6:8d:cb:84:9b:ff,6:8d:cb:84:9b:ff,5.180000,0.0011
00 00,00 80,Beacon,WiFiLab,1115,ff:ff:ff:ff:ff:ff,6:8d:cb:84:9b:ff,6:8d:cb:84:9b:ff,5.180000,0.0011
00 00,00 80,Beacon,WiFiLab,1114,ff:ff:ff:ff:ff:ff,6:8d:cb:84:9b:ff,6:8d:cb:84:9b:ff,5.180000,0.0011
00 00,00 80,Beacon,WiFiLab,1113,ff:ff:ff:ff:ff:ff,6:8d:cb:84:9b:ff,6:8d:cb:84:9b:ff,5.180000,0.0011
00 00,00 80,Beacon,WiFiLab,1112,ff:ff:ff:ff:ff:ff,6:8d:cb:84:9b:ff,6:8d:cb:84:9b:ff,5.180000,0.0011
00 00,00 80,Beacon,WiFiLab,1108,ff:ff:ff:ff:ff:ff,6:8d:cb:84:9b:ff,6:8d:cb:84:9b:ff,5.180000,0.0011
00 00,00 80,Beacon,WiFiLab,1107,ff:ff:ff:ff:ff:ff,6:8d:cb:84:9b:ff,6:8d:cb:84:9b:ff,5.180000,0.0011
00 00,00 80,Beacon,WiFiLab,1105,ff:ff:ff:ff:ff:ff,6:8d:cb:84:9b:ff,6:8d:cb:84:9b:ff,5.180000,0.0011
00 00,00 80,Beacon,WiFiLab,1104,ff:ff:ff:ff:ff:ff,6:8d:cb:84:9b:ff,6:8d:cb:84:9b:ff,5.180000,0.0011
00 00,00 80,Beacon,WiFiLab,1103,ff:ff:ff:ff:ff:ff,6:8d:cb:84:9b:ff,6:8d:cb:84:9b:ff,5.180000,0.0011
00 00,00 80,Beacon,WiFiLab,1099,ff:ff:ff:ff:ff:ff,6:8d:cb:84:9b:ff,6:8d:cb:84:9b:ff,5.180000,0.0011
00 00,00 80,Beacon,WiFiLab,1098,ff:ff:ff:ff:ff:ff,6:8d:cb:84:9b:ff,6:8d:cb:84:9b:ff,5.180000,0.0011
00 00,00 80,Beacon,WiFiLab,1097,ff:ff:ff:ff:ff:ff,6:8d:cb:84:9b:ff,6:8d:cb:84:9b:ff,5.180000,0.0011
00 00,00 80,Beacon,WiFiLab,1096,ff:ff:ff:ff:ff:ff,6:8d:cb:84:9b:ff,6:8d:cb:84:9b:ff,5.180000,0.0011
00 00,00 80,Beacon,WiFiLab,1094,ff:ff:ff:ff:ff:ff,6:8d:cb:84:9b:ff,6:8d:cb:84:9b:ff,5.180000,0.0011
00 00,00 80,Beacon,WiFiLab,1093,ff:ff:ff:ff:ff:ff,6:8d:cb:84:9b:ff,6:8d:cb:84:9b:ff,5.180000,0.0011
00 00,00 80,Beacon,WiFiLab,1092,ff:ff:ff:ff:ff:ff,6:8d:cb:84:9b:ff,6:8d:cb:84:9b:ff,5.180000,0.0011
00 00,00 80,Beacon,WiFiLab,1091,ff:ff:ff:ff:ff:ff,6:8d:cb:84:9b:ff,6:8d:cb:84:9b:ff,5.180000,0.0011
00 00,00 80,Beacon,WiFiLab,1090,ff:ff:ff:ff:ff:ff,6:8d:cb:84:9b:ff,6:8d:cb:84:9b:ff,5.180000,0.0011
00 00,00 80,Beacon,WiFiLab,1089,ff:ff:ff:ff:ff:ff,6:8d:cb:84:9b:ff,6:8d:cb:84:9b:ff,5.180000,0.0011
00 00,00 80,Beacon,WiFiLab,1085,ff:ff:ff:ff:ff:ff,6:8d:cb:84:9b:ff,6:8d:cb:84:9b:ff,5.180000,0.0011
00 00,00 80,Beacon,SOC-MGMT,2798,ff:ff:ff:ff:ff:ff,1e:8d:cb:84:9b:ff,1e:8d:cb:84:9b:ff,5.180000,0.0011
00 00,00 80,Beacon,SOC-MGMT,2797,ff:ff:ff:ff:ff:ff,1e:8d:cb:84:9b:ff,1e:8d:cb:84:9b:ff,5.180000,0.0011
00 00,00 80,Beacon,SOC-MGMT,2796,ff:ff:ff:ff:ff:ff,1e:8d:cb:84:9b:ff,1e:8d:cb:84:9b:ff,5.180000,0.0011
00 00,00 80,Beacon,SOC-MGMT,2795,ff:ff:ff:ff:ff:ff,1e:8d:cb:84:9b:ff,1e:8d:cb:84:9b:ff,5.180000,0.0011
00 00,00 80,Beacon,SOC-MGMT,2794,ff:ff:ff:ff:ff:ff,1e:8d:cb:84:9b:ff,1e:8d:cb:84:9b:ff,5.180000,0.0011
00 00,00 80,Beacon,SOC-MGMT,2793,ff:ff:ff:ff:ff:ff,1e:8d:cb:84:9b:ff,1e:8d:cb:84:9b:ff,5.180000,0.0011
00 00,00 80,Beacon,SOC-MGMT,2792,ff:ff:ff:ff:ff:ff,1e:8d:cb:84:9b:ff,1e:8d:cb:84:9b:ff,5.180000,0.0011
00 00,00 80,Beacon,SOC-MGMT,2788,ff:ff:ff:ff:ff:ff,1e:8d:cb:84:9b:ff,1e:8d:cb:84:9b:ff,5.180000,0.0011
00 00,00 80,Beacon,SOC-MGMT,2787,ff:ff:ff:ff:ff:ff,1e:8d:cb:84:9b:ff,1e:8d:cb:84:9b:ff,5.180000,0.0011
00 00,00 80,Beacon,SOC-MGMT,2786,ff:ff:ff:ff:ff:ff,1e:8d:cb:84:9b:ff,1e:8d:cb:84:9b:ff,5.180000,0.0011
00 00,00 80,Beacon,SOC-MGMT,2785,ff:ff:ff:ff:ff:ff,1e:8d:cb:84:9b:ff,1e:8d:cb:84:9b:ff,5.180000,0.0011
00 00,00 80,Beacon,SOC-MGMT,2784,ff:ff:ff:ff:ff:ff,1e:8d:cb:84:9b:ff,1e:8d:cb:84:9b:ff,5.180000,0.0011
00 00,00 80,Beacon,SOC-MGMT,2781,ff:ff:ff:ff:ff:ff,1e:8d:cb:84:9b:ff,1e:8d:cb:84:9b:ff,5.180000,0.0011
00 00,00 80,Beacon,SOC-MGMT,2780,ff:ff:ff:ff:ff:ff,1e:8d:cb:84:9b:ff,1e:8d:cb:84:9b:ff,5.180000,0.0011
00 00,00 80,Beacon,SOC-MGMT,2777,ff:ff:ff:ff:ff:ff,1e:8d:cb:84:9b:ff,1e:8d:cb:84:9b:ff,5.180000,0.0011
00 00,00 80,Beacon,SOC-MGMT,2776,ff:ff:ff:ff:ff:ff,1e:8d:cb:84:9b:ff,1e:8d:cb:84:9b:ff,5.180000,0.0011
00 00,00 80,Beacon,SOC-MGMT,2775,ff:ff:ff:ff:ff:ff,1e:8d:cb:84:9b:ff,1e:8d:cb:84:9b:ff,5.180000,0.0011
00 00,00 80,Beacon,SOC-MGMT,2774,ff:ff:ff:ff:ff:ff,1e:8d:cb:84:9b:ff,1e:8d:cb:84:9b:ff,5.180000,0.0011
00 00,00 80,Beacon,SOC-MGMT,2773,ff:ff:ff:ff:ff:ff,1e:8d:cb:84:9b:ff,1e:8d:cb:84:9b:ff,5.180000,0.0011
00 00,00 80,Beacon,SOC-MGMT,2772,ff:ff:ff:ff:ff:ff,1e:8d:cb:84:9b:ff,1e:8d:cb:84:9b:ff,5.180000,0.0011
00 00,00 80,Beacon,SOC-MGMT,2771,ff:ff:ff:ff:ff:ff,1e:8d:cb:84:9b:ff,1e:8d:cb:84:9b:ff,5.180000,0.0011
00 00,00 80,Beacon,SOC-MGMT,2769,ff:ff:ff:ff:ff:ff,1e:8d:cb:84:9b:ff,1e:8d:cb:84:9b:ff,5.180000,0.0011
00 00,00 80,Beacon,SOC-MGMT,2768,ff:ff:ff:ff:ff:ff,1e:8d:cb:84:9b:ff,1e:8d:cb:84:9b:ff,5.180000,0.0011
00 00,00 80,Beacon,SOC-MGMT,2766,ff:ff:ff:ff:ff:ff,1e:8d:cb:84:9b:ff,1e:8d:cb:84:9b:ff,5.180000,0.0011
00 00,00 80,Beacon,SOC-MGMT,2765,ff:ff:ff:ff:ff:ff,1e:8d:cb:84:9b:ff,1e:8d:cb:84:9b:ff,5.180000,0.0011
00 00,00 80,Beacon,SOC-MGMT,2764,ff:ff:ff:ff:ff:ff,1e:8d:cb:84:9b:ff,1e:8d:cb:84:9b:ff,5.180000,0.0011
00 00,00 80,Beacon,SOC-MGMT,2763,ff:ff:ff:ff:ff:ff,1e:8d:cb:84:9b:ff,1e:8d:cb:84:9b:ff,5.180000,0.0011
00 00,00 80,Beacon,SOC-MGMT,2762,ff:ff:ff:ff:ff:ff,1e:8d:cb:84:9b:ff,1e:8d:cb:84:9b:ff,5.180000,0.0011
00 00,00 80,Beacon,SOC-MGMT,2761,ff:ff:ff:ff:ff:ff,1e:8d:cb:84:9b:ff,1e:8d:cb:84:9b:ff,5.180000,0.0011
00 00,00 80,Beacon,SOC-MGMT,2760,ff:ff:ff:ff:ff:ff,1e:8d:cb:84:9b:ff,1e:8d:cb:84:9b:ff,5.180000,0.0011
00 00,00 80,Beacon,SOC-MGMT,2759,ff:ff:ff:ff:ff:ff,1e:8d:cb:84:9b:ff,1e:8d:cb:84:9b:ff,5.180000,0.0011
00 00,00 80,Beacon,SOC-MGMT,2758,ff:ff:ff:ff:ff:ff,1e:8d:cb:84:9b:ff,1e:8d:cb:84:9b:ff,5.180000,0.0011
00 00,00 80,Beacon,SOC-MGMT,2757,ff:ff:ff:ff:ff:ff,1e:8d:cb:84:9b:ff,1e:8d:cb:84:9b:ff,5.180000,0.0011
00 00,00 80,Beacon,SOC-MGMT,2756,ff:ff:ff:ff:ff:ff,1e:8d:cb:84:9b:ff,1e:8d:cb:84:9b:ff,5.180000,0.0011
00 00,00 80,Beacon,SOC-MGMT,2755,ff:ff:ff:ff:ff:ff,1e:8d:cb:84:9b:ff,1e:8d:cb:84:9b:ff,5.180000,0.0011
00 00,00 80,Beacon,SOC-MGMT,2754,ff:ff:ff:ff:ff:ff,1e:8d:cb:84:9b:ff,1e:8d:cb:84:9b:ff,5.180000,0.0011
00 00,00 80,Beacon,SOC-MGMT,2753,ff:ff:ff:ff:ff:ff,1e:8d:cb:84:9b:ff,1e:8d:cb:84:9b:ff,5.180000,0.0011
00 00,00 80,Beacon,SOC-MGMT,2751,ff:ff:ff:ff:ff:ff,1e:8d:cb:84:9b:ff,1e:8d:cb:84:9b:ff,5.180000,0.0011
00 00,00 80,Beacon,SOC-MGMT,2750,ff:ff:ff:ff:ff:ff,1e:8d:cb:84:9b:ff,1e:8d:cb:84:9b:ff,5.180000,0.0011
00 00,00 80,Beacon,SOC-MGMT,2747,ff:ff:ff:ff:ff:ff,1e:8d:cb:84:9b:ff,1e:8d:cb:84:9b:ff,5.180000,0.0011
00 00,00 80,Beacon,SOC-MGMT,2746,ff:ff:ff:ff:ff:ff,1e:8d:cb:84:9b:ff,1e:8d:cb:84:9b:ff,5.180000,0.0011
00 00,00 80,Beacon,SOC-MGMT,2745,ff:ff:ff:ff:ff:ff,1e:8d:cb:84:9b:ff,1e:8d:cb:84:9b:ff,5.180000,0.0011
00 00,00 80,Beacon,SOC-MGMT,2744,ff:ff:ff:ff:ff:ff,1e:8d:cb:84:9b:ff,1e:8d:cb:84:9b:ff,5.180000,0.0011
00 00,00 80,Beacon,SOC-MGMT,2743,ff:ff:ff:ff:ff:ff,1e:8d:cb:84:9b:ff,1e:8d:cb:84:9b:ff,5.180000,0.0011
00 00,00 80,Beacon,SOC-MGMT,2742,ff:ff:ff:ff:ff:ff,1e:8d:cb:84:9b:ff,1e:8d:cb:84:9b:ff,5.180000,0.0011
00 00,00 80,Beacon,SOC-MGMT,2741,ff:ff:ff:ff:ff:ff,1e:8d:cb:84:9b:ff,1e:8d:cb:84:9b:ff,5.180000,0.0011
00 00,00 80,Beacon,SOC-MGMT,2740,ff:ff:ff:ff:ff:ff,1e:8d:cb:84:9b:ff,1e:8d:cb:84:9b:ff,5.180000,0.0011
00 00,00 80,Beacon,SOC-MGMT,2739,ff:ff:ff:ff:ff:ff,1e:8d:cb:84:9b:ff,1e:8d:cb:84:9b:ff,5.180000,0.0011
00 00,00 80,Beacon,SOC-MGMT,2738,ff:ff:ff:ff:ff:ff,1e:8d:cb:84:9b:ff,1e:8d:cb:84:9b:ff,5.180000,0.0011
00 00,00 80,Beacon,SOC-MGMT,2737,ff:ff:ff:ff:ff:ff,1e:8d:cb:84:9b:ff,1e:8d:cb:84:9b:ff,5.180000,0.0011
00 00,00 80,Beacon,SOC-MGMT,2735,ff:ff:ff:ff:ff:ff,1e:8d:cb:84:9b:ff,1e:8d:cb:84:9b:ff,5.180000,0.0011
00 00,00 80,Beacon,SOC-MGMT,2734,ff:ff:ff:ff:ff:ff,1e:8d:cb:84:9b:ff,1e:8d:cb:84:9b:ff,5.180000,0.0011
00 00,00 80,Beacon,SOC-MGMT,2733,ff:ff:ff:ff:ff:ff,1e:8d:cb:84:9b:ff,1e:8d:cb:84:9b:ff,5.180000,0.0011
00 00,00 80,Beacon,SOC-MGMT,2732,ff:ff:ff:ff:ff:ff,1e:8d:cb:84:9b:ff,1e:8d:cb:84:9b:ff,5.180000,0.0011
00 00,00 80,Beacon,SOC-MGMT,2731,ff:ff:ff:ff:ff:ff,1e:8d:cb:84:9b:ff,1e:8d:cb:84:9b:ff,5.180000,0.0011
00 00,00 80,Beacon,SOC-MGMT,2729,ff:ff:ff:ff:ff:ff,1e:8d:cb:84:9b:ff,1e:8d:cb:84:9b:ff,5.180000,0.0011
00 00,00 80,Beacon,SOC-MGMT,2728,ff:ff:ff:ff:ff:ff,1e:8d:cb:84:9b:ff,1e:8d:cb:84:9b:ff,5.180000,0.0011
00 00,00 80,Beacon,SOC-MGMT,2727,ff:ff:ff:ff:ff:ff,1e:8d:cb:84:9b:ff,1e:8d:cb:84:9b:ff,5.180000,0.0011
00 00,00 80,Beacon,SOC-MGMT,2726,ff:ff:ff:ff:ff:ff,1e:8d:cb:84:9b:ff,1e:8d:cb:84:9b:ff,5.180000,0.0011
00 00,00 80,Beacon,SOC-MGMT,2725,ff:ff:ff:ff:ff:ff,1e:8d:cb:84:9b:ff,1e:8d:cb:84:9b:ff,5.180000,0.0011
00 00,00 80,Beacon,SOC-MGMT,2723,ff:ff:ff:ff:ff:ff,1e:8d:cb:84:9b:ff,1e:8d:cb:84:9b:ff,5.180000,0.0011
00 00,00 80,Beacon,SOC-MGMT,2722,ff:ff:ff:ff:ff:ff,1e:8d:cb:84:9b:ff,1e:8d:cb:84:9b:ff,5.180000,0.0011
00 00,00 80,Beacon,SOC-MGMT,2721,ff:ff:ff:ff:ff:ff,1e:8d:cb:84:9b:ff,1e:8d:cb:84:9b:ff,5.180000,0.0011
00 00,00 80,Beacon,SOC-MGMT,2720,ff:ff:ff:ff:ff:ff,1e:8d:cb:84:9b:ff,1e:8d:cb:84:9b:ff,5.180000,0.0011
00 00,00 80,Beacon,SOC-MGMT,2719,ff:ff:ff:ff:ff:ff,1e:8d:cb:84:9b:ff,1e:8d:cb:84:9b:ff,5.180000,0.0011
00 00,00 80,Beacon,SOC-MGMT,2716,ff:ff:ff:ff:ff:ff,1e:8d:cb:84:9b:ff,1e:8d:cb:84:9b:ff,5.180000,0.0011
00 00,00 80,Beacon,SOC-MGMT,2715,ff:ff:ff:ff:ff:ff,1e:8d:cb:84:9b:ff,1e:8d:cb:84:9b:ff,5.180000,0.0011
00 00,00 80,Beacon,SOC-MGMT,2714,ff:ff:ff:ff:ff:ff,1e:8d:cb:84:9b:ff,1e:8d:cb:84:9b:ff,5.180000,0.0011
00 00,00 80,Beacon,SOC-MGMT,2713,ff:ff:ff:ff:ff:ff,1e:8d:cb:84:9b:ff,1e:8d:cb:84:9b:ff,5.180000,0.0011
00 00,00 80,Beacon,SOC-MGMT,2712,ff:ff:ff:ff:ff:ff,1e:8d:cb:84:9b:ff,1e:8d:cb:84:9b:ff,5.180000,0.0011
00 00,00 80,Beacon,SOC-MGMT,2711,ff:ff:ff:ff:ff:ff,1e:8d:cb:84:9b:ff,1e:8d:cb:84:9b:ff,5.180000,0.0011
00 00,00 80,Beacon,SOC-MGMT,2710,ff:ff:ff:ff:ff:ff,1e:8d:cb:84:9b:ff,1e:8d:cb:84:9b:ff,5.180000,0.0011
00 00,00 80,Beacon,SOC-MGMT,2709,ff:ff:ff:ff:ff:ff,1e:8d:cb:84:9b:ff,1e:8d:cb:84:9b:ff,5.180000,0.0011
00 00,00 80,Beacon,SOC-MGMT,2708,ff:ff:ff:ff:ff:ff,1e:8d:cb:84:9b:ff,1e:8d:cb:84:9b:ff,5.180000,0.0011
00 00,00 80,Beacon,SOC-MGMT,2705,ff:ff:ff:ff:ff:ff,1e:8d:cb:84:9b:ff,1e:8d:cb:84:9b:ff,5.180000,0.0011
00 00,00 80,Beacon,SOC-MGMT,2704,ff:ff:ff:ff:ff:ff,1e:8d:cb:84:9b:ff,1e:8d:cb:84:9b:ff,5.180000,0.0011
00 00,00 80,Beacon,SOC-MGMT,2703,ff:ff:ff:ff:ff:ff,1e:8d:cb:84:9b:ff,1e:8d:cb:84:9b:ff,5.180000,0.0011
00 00,00 80,Beacon,SOC-MGMT,2702,ff:ff:ff:ff:ff:ff,1e:8d:cb:84:9b:ff,1e:8d:cb:84:9b:ff,5.180000,0.0011
00 00,00 80,Beacon,SOC-MGMT,2700,ff:ff:ff:ff:ff:ff,1e:8d:cb:84:9b:ff,1e:8d:cb:84:9b:ff,5.180000,0.0011
00 00,00 80,Beacon,SOC-MGMT,2699,ff:ff:ff:ff:ff:ff,1e:8d:cb:84:9b:ff,1e:8d:cb:84:9b:ff,5.180000,0.0011
00 00,00 80,Beacon,SOC-MGMT,2698,ff:ff:ff:ff:ff:ff,1e:8d:cb:84:9b:ff,1e:8d:cb:84:9b:ff,5.180000,0.0011
00 00,00 80,Beacon,SOC-MGMT,2697,ff:ff:ff:ff:ff:ff,1e:8d:cb:84:9b:ff,1e:8d:cb:84:9b:ff,5.180000,0.0011
00 00,00 80,Beacon,SOC-MGMT,2696,ff:ff:ff:ff:ff:ff,1e:8d:cb:84:9b:ff,1e:8d:cb:84:9b:ff,5.180000,0.0011
00 00,00 80,Beacon,SOC-MGMT,2695,ff:ff:ff:ff:ff:ff,1e:8d:cb:84:9b:ff,1e:8d:cb:84:9b:ff,5.180000,0.0011
00 00,00 80,Beacon,SOC-MGMT,2693,ff:ff:ff:ff:ff:ff,1e:8d:cb:84:9b:ff,1e:8d:cb:84:9b:ff,5.180000,0.0011
00 00,00 80,Beacon,SOC-MGMT,2692,ff:ff:ff:ff:ff:ff,1e:8d:cb:84:9b:ff,1e:8d:cb:84:9b:ff,5.180000,0.0011
00 00,00 80,Beacon,SOC-MGMT,2690,ff:ff:ff:ff:ff:ff,1e:8d:cb:84:9b:ff,1e:8d:cb:84:9b:ff,5.180000,0.0011
00 00,00 80,Beacon,SOC-MGMT,2689,ff:ff:ff:ff:ff:ff,1e:8d:cb:84:9b:ff,1e:8d:cb:84:9b:ff,5.180000,0.0011
00 00,00 80,Beacon,SOC-MGMT,2688,ff:ff:ff:ff:ff:ff,1e:8d:cb:84:9b:ff,1e:8d:cb:84:9b:ff,5.180000,0.0011
00 00,00 80,Beacon,SOC-MGMT,2687,ff:ff:ff:ff:ff:ff,1e:8d:cb:84:9b:ff,1e:8d:cb:84:9b:ff,5.180000,0.0011
00 00,00 80,Beacon,SOC-MGMT,2686,ff:ff:ff:ff:ff:ff,1e:8d:cb:84:9b:ff,1e:8d:cb:84:9b:ff,5.180000,0.0011
00 00,00 80,Beacon,SOC-MGMT,2685,ff:ff:ff:ff:ff:ff,1e:8d:cb:84:9b:ff,1e:8d:cb:84:9b:ff,5.180000,0.0011
00 00,00 80,Beacon,SOC-MGMT,2684,ff:ff:ff:ff:ff:ff,1e:8d:cb:84:9b:ff,1e:8d:cb:84:9b:ff,5.180000,0.0011
00 00,00 80,Beacon,SOC-MGMT,2683,ff:ff:ff:ff:ff:ff,1e:8d:cb:84:9b:ff,1e:8d:cb:84:9b:ff,5.180000,0.0011
00 00,00 80,Beacon,SOC-MGMT,2682,ff:ff:ff:ff:ff:ff,1e:8d:cb:84:9b:ff,1e:8d:cb:84:9b:ff,5.180000,0.0011
00 00,00 80,Beacon,SOC-MGMT,2681,ff:ff:ff:ff:ff:ff,1e:8d:cb:84:9b:ff,1e:8d:cb:84:9b:ff,5.180000,0.0011
00 00,00 80,Beacon,SOC-MGMT,2680,ff:ff:ff:ff:ff:ff,1e:8d:cb:84:9b:ff,1e:8d:cb:84:9b:ff,5.180000,0.0011
00 00,00 80,Beacon,SOC-MGMT,2679,ff:ff:ff:ff:ff:ff,1e:8d:cb:84:9b:ff,1e:8d:cb:84:9b:ff,5.180000,0.0011
00 00,00 80,Beacon,SOC-MGMT,2678,ff:ff:ff:ff:ff:ff,1e:8d:cb:84:9b:ff,1e:8d:cb:84:9b:ff,5.180000,0.0011
00 00,00 80,Beacon,SOC-MGMT,2676,ff:ff:ff:ff:ff:ff,1e:8d:cb:84:9b:ff,1e:8d:cb:84:9b:ff,5.180000,0.0011
00 00,00 80,Beacon,SOC-MGMT,2675,ff:ff:ff:ff:ff:ff,1e:8d:cb:84:9b:ff,1e:8d:cb:84:9b:ff,5.180000,0.0011
00 00,00 80,Beacon,SOC-MGMT,2674,ff:ff:ff:ff:ff:ff,1e:8d:cb:84:9b:ff,1e:8d:cb:84:9b:ff,5.180000,0.0011
00 00,00 80,Beacon,SOC-MGMT,2673,ff:ff:ff:ff:ff:ff,1e:8d:cb:84:9b:ff,1e:8d:cb:84:9b:ff,5.180000,0.0011
00 00,00 80,Beacon,SOC-MGMT,2672,ff:ff:ff:ff:ff:ff,1e:8d:cb:84:9b:ff,1e:8d:cb:84:9b:ff,5.180000,0.0011
00 00,00 80,Beacon,SOC-MGMT,2671,ff:ff:ff:ff:ff:ff,1e:8d:cb:84:9b:ff,1e:8d:cb:84:9b:ff,5.180000,0.0011
00 00,00 80,Beacon,SOC-MGMT,2670,ff:ff:ff:ff:ff:ff,1e:8d:cb:84:9b:ff,1e:8d:cb:84:9b:ff,5.180000,0.0011
00 00,00 80,Beacon,SOC-MGMT,2669,ff:ff:ff:ff:ff:ff,1e:8d:cb:84:9b:ff,1e:8d:cb:84:9b:ff,5.180000,0.0011
00 00,00 80,Beacon,SOC-MGMT,2668,ff:ff:ff:ff:ff:ff,1e:8d:cb:84:9b:ff,1e:8d:cb:84:9b:ff,5.180000,0.0011
00 00,00 80,Beacon,SOC-MGMT,2667,ff:ff:ff:ff:ff:ff,1e:8d:cb:84:9b:ff,1e:8d:cb:84:9b:ff,5.180000,0.0011
00 00,00 80,Beacon,SOC-MGMT,2666,ff:ff:ff:ff:ff:ff,1e:8d:cb:84:9b:ff,1e:8d:cb:84:9b:ff,5.180000,0.0011
00 00,00 80,Beacon,SOC-MGMT,2665,ff:ff:ff:ff:ff:ff,1e:8d:cb:84:9b:ff,1e:8d:cb:84:9b:ff,5.180000,0.0011
00 00,00 80,Beacon,SOC-MGMT,2664,ff:ff:ff:ff:ff:ff,1e:8d:cb:84:9b:ff,1e:8d:cb:84:9b:ff,5.180000,0.0011
00 00,00 80,Beacon,SOC-MGMT,2663,ff:ff:ff:ff:ff:ff,1e:8d:cb:84:9b:ff,1e:8d:cb:84:9b:ff,5.180000,0.0011
00 00,00 80,Beacon,SOC-MGMT,2662,ff:ff:ff:ff:ff:ff,1e:8d:cb:84:9b:ff,1e:8d:cb:84:9b:ff,5.180000,0.0011
00 00,00 80,Beacon,SOC-MGMT,2661,ff:ff:ff:ff:ff:ff,1e:8d:cb:84:9b:ff,1e:8d:cb:84:9b:ff,5.180000,0.0011
00 00,00 80,Beacon,SOC-MGMT,2660,ff:ff:ff:ff:ff:ff,1e:8d:cb:84:9b:ff,1e:8d:cb:84:9b:ff,5.180000,0.0011
00 00,00 80,Beacon,SOC-MGMT,2659,ff:ff:ff:ff:ff:ff,1e:8d:cb:84:9b:ff,1e:8d:cb:84:9b:ff,5.180000,0.0011
00 00,00 80,Beacon,SOC-MGMT,2658,ff:ff:ff:ff:ff:ff,1e:8d:cb:84:9b:ff,1e:8d:cb:84:9b:ff,5.180000,0.0011
00 00,00 80,Beacon,SOC-MGMT,2657,ff:ff:ff:ff:ff:ff,1e:8d:cb:84:9b:ff,1e:8d:cb:84:9b:ff,5.180000,0.0011
00 00,00 80,Beacon,SOC-MGMT,2656,ff:ff:ff:ff:ff:ff,1e:8d:cb:84:9b:ff,1e:8d:cb:84:9b:ff,5.180000,0.0011
00 00,00 80,Beacon,SOC-MGMT,2655,ff:ff:ff:ff:ff:ff,1e:8d:cb:84:9b:ff,1e:8d:cb:84:9b:ff,5.180000,0.0011
00 00,00 80,Beacon,SOC-MGMT,2654,ff:ff:ff:ff:ff:ff,1e:8d:cb:84:9b:ff,1e:8d:cb:84:9b:ff,5.180000,0.0011
00 00,00 80,Beacon,SOC-MGMT,2653,ff:ff:ff:ff:ff:ff,1e:8d:cb:84:9b:ff,1e:8d:cb:84:9b:ff,5.180000,0.0011
00 00,00 80,Beacon,SOC-LAB,815,ff:ff:ff:ff:ff:ff,e:8d:cb:84:9b:ff,e:8d:cb:84:9b:ff,5.180000,0.0011
00 00,00 80,Beacon,SOC-LAB,812,ff:ff:ff:ff:ff:ff,e:8d:cb:84:9b:ff,e:8d:cb:84:9b:ff,5.180000,0.0011
00 00,00 80,Beacon,SOC-LAB,811,ff:ff:ff:ff:ff:ff,e:8d:cb:84:9b:ff,e:8d:cb:84:9b:ff,5.180000,0.0011
00 00,00 80,Beacon,SOC-LAB,810,ff:ff:ff:ff:ff:ff,e:8d:cb:84:9b:ff,e:8d:cb:84:9b:ff,5.180000,0.0011
00 00,00 80,Beacon,SOC-LAB,809,ff:ff:ff:ff:ff:ff,e:8d:cb:84:9b:ff,e:8d:cb:84:9b:ff,5.180000,0.0011
00 00,00 80,Beacon,SOC-LAB,808,ff:ff:ff:ff:ff:ff,e:8d:cb:84:9b:ff,e:8d:cb:84:9b:ff,5.180000,0.0011
00 00,00 80,Beacon,SOC-LAB,807,ff:ff:ff:ff:ff:ff,e:8d:cb:84:9b:ff,e:8d:cb:84:9b:ff,5.180000,0.0011
00 00,00 80,Beacon,SOC-LAB,806,ff:ff:ff:ff:ff:ff,e:8d:cb:84:9b:ff,e:8d:cb:84:9b:ff,5.180000,0.0011
00 00,00 80,Beacon,SOC-LAB,805,ff:ff:ff:ff:ff:ff,e:8d:cb:84:9b:ff,e:8d:cb:84:9b:ff,5.180000,0.0011
00 00,00 80,Beacon,SOC-LAB,804,ff:ff:ff:ff:ff:ff,e:8d:cb:84:9b:ff,e:8d:cb:84:9b:ff,5.180000,0.0011
00 00,00 80,Beacon,SOC-LAB,803,ff:ff:ff:ff:ff:ff,e:8d:cb:84:9b:ff,e:8d:cb:84:9b:ff,5.180000,0.0011
00 00,00 80,Beacon,SOC-LAB,801,ff:ff:ff:ff:ff:ff,e:8d:cb:84:9b:ff,e:8d:cb:84:9b:ff,5.180000,0.0011
00 00,00 80,Beacon,SOC-LAB,800,ff:ff:ff:ff:ff:ff,e:8d:cb:84:9b:ff,e:8d:cb:84:9b:ff,5.180000,0.0011
00 00,00 80,Beacon,SOC-LAB,796,ff:ff:ff:ff:ff:ff,e:8d:cb:84:9b:ff,e:8d:cb:84:9b:ff,5.180000,0.0011
00 00,00 80,Beacon,SOC-LAB,795,ff:ff:ff:ff:ff:ff,e:8d:cb:84:9b:ff,e:8d:cb:84:9b:ff,5.180000,0.0011
00 00,00 80,Beacon,SOC-LAB,792,ff:ff:ff:ff:ff:ff,e:8d:cb:84:9b:ff,e:8d:cb:84:9b:ff,5.180000,0.0011
00 00,00 80,Beacon,SOC-LAB,791,ff:ff:ff:ff:ff:ff,e:8d:cb:84:9b:ff,e:8d:cb:84:9b:ff,5.180000,0.0011
00 00,00 80,Beacon,SOC-LAB,790,ff:ff:ff:ff:ff:ff,e:8d:cb:84:9b:ff,e:8d:cb:84:9b:ff,5.180000,0.0011
00 00,00 80,Beacon,SOC-LAB,789,ff:ff:ff:ff:ff:ff,e:8d:cb:84:9b:ff,e:8d:cb:84:9b:ff,5.180000,0.0011
00 00,00 80,Beacon,SOC-LAB,788,ff:ff:ff:ff:ff:ff,e:8d:cb:84:9b:ff,e:8d:cb:84:9b:ff,5.180000,0.0011
00 00,00 80,Beacon,SOC-LAB,787,ff:ff:ff:ff:ff:ff,e:8d:cb:84:9b:ff,e:8d:cb:84:9b:ff,5.180000,0.0011
00 00,00 80,Beacon,SOC-LAB,786,ff:ff:ff:ff:ff:ff,e:8d:cb:84:9b:ff,e:8d:cb:84:9b:ff,5.180000,0.0011
00 00,00 80,Beacon,SOC-LAB,785,ff:ff:ff:ff:ff:ff,e:8d:cb:84:9b:ff,e:8d:cb:84:9b:ff,5.180000,0.0011
00 00,00 80,Beacon,SOC-LAB,784,ff:ff:ff:ff:ff:ff,e:8d:cb:84:9b:ff,e:8d:cb:84:9b:ff,5.180000,0.0011
00 00,00 80,Beacon,SOC-LAB,783,ff:ff:ff:ff:ff:ff,e:8d:cb:84:9b:ff,e:8d:cb:84:9b:ff,5.180000,0.0011
00 00,00 80,Beacon,SOC-LAB,782,ff:ff:ff:ff:ff:ff,e:8d:cb:84:9b:ff,e:8d:cb:84:9b:ff,5.180000,0.0011
00 00,00 80,Beacon,SOC-LAB,781,ff:ff:ff:ff:ff:ff,e:8d:cb:84:9b:ff,e:8d:cb:84:9b:ff,5.180000,0.0011
00 00,00 80,Beacon,SOC-LAB,779,ff:ff:ff:ff:ff:ff,e:8d:cb:84:9b:ff,e:8d:cb:84:9b:ff,5.180000,0.0011
00 00,00 80,Beacon,SOC-LAB,778,ff:ff:ff:ff:ff:ff,e:8d:cb:84:9b:ff,e:8d:cb:84:9b:ff,5.180000,0.0011
00 00,00 80,Beacon,SOC-LAB,776,ff:ff:ff:ff:ff:ff,e:8d:cb:84:9b:ff,e:8d:cb:84:9b:ff,5.180000,0.0011
00 00,00 80,Beacon,SOC-LAB,775,ff:ff:ff:ff:ff:ff,e:8d:cb:84:9b:ff,e:8d:cb:84:9b:ff,5.180000,0.0011
00 00,00 80,Beacon,SOC-LAB,774,ff:ff:ff:ff:ff:ff,e:8d:cb:84:9b:ff,e:8d:cb:84:9b:ff,5.180000,0.0011
00 00,00 80,Beacon,SOC-LAB,773,ff:ff:ff:ff:ff:ff,e:8d:cb:84:9b:ff,e:8d:cb:84:9b:ff,5.180000,0.0011
00 00,00 80,Beacon,SOC-LAB,772,ff:ff:ff:ff:ff:ff,e:8d:cb:84:9b:ff,e:8d:cb:84:9b:ff,5.180000,0.0011
00 00,00 80,Beacon,SOC-LAB,770,ff:ff:ff:ff:ff:ff,e:8d:cb:84:9b:ff,e:8d:cb:84:9b:ff,5.180000,0.0011
00 00,00 80,Beacon,SOC-LAB,769,ff:ff:ff:ff:ff:ff,e:8d:cb:84:9b:ff,e:8d:cb:84:9b:ff,5.180000,0.0011
00 00,00 80,Beacon,SOC-LAB,768,ff:ff:ff:ff:ff:ff,e:8d:cb:84:9b:ff,e:8d:cb:84:9b:ff,5.180000,0.0011
00 00,00 80,Beacon,SOC-LAB,767,ff:ff:ff:ff:ff:ff,e:8d:cb:84:9b:ff,e:8d:cb:84:9b:ff,5.180000,0.0011
00 00,00 80,Beacon,SOC-LAB,766,ff:ff:ff:ff:ff:ff,e:8d:cb:84:9b:ff,e:8d:cb:84:9b:ff,5.180000,0.0011
00 00,00 80,Beacon,SOC-LAB,765,ff:ff:ff:ff:ff:ff,e:8d:cb:84:9b:ff,e:8d:cb:84:9b:ff,5.180000,0.0011
00 00,00 80,Beacon,SOC-LAB,764,ff:ff:ff:ff:ff:ff,e:8d:cb:84:9b:ff,e:8d:cb:84:9b:ff,5.180000,0.0011
00 00,00 80,Beacon,SOC-LAB,763,ff:ff:ff:ff:ff:ff,e:8d:cb:84:9b:ff,e:8d:cb:84:9b:ff,5.180000,0.0011
00 00,00 80,Beacon,SOC-LAB,762,ff:ff:ff:ff:ff:ff,e:8d:cb:84:9b:ff,e:8d:cb:84:9b:ff,5.180000,0.0011
00 00,00 80,Beacon,SOC-LAB,760,ff:ff:ff:ff:ff:ff,e:8d:cb:84:9b:ff,e:8d:cb:84:9b:ff,5.180000,0.0011
00 00,00 80,Beacon,SOC-LAB,759,ff:ff:ff:ff:ff:ff,e:8d:cb:84:9b:ff,e:8d:cb:84:9b:ff,5.180000,0.0011
00 00,00 80,Beacon,SOC-LAB,758,ff:ff:ff:ff:ff:ff,e:8d:cb:84:9b:ff,e:8d:cb:84:9b:ff,5.180000,0.0011
00 00,00 80,Beacon,SOC-LAB,757,ff:ff:ff:ff:ff:ff,e:8d:cb:84:9b:ff,e:8d:cb:84:9b:ff,5.180000,0.0011
00 00,00 80,Beacon,SOC-LAB,756,ff:ff:ff:ff:ff:ff,e:8d:cb:84:9b:ff,e:8d:cb:84:9b:ff,5.180000,0.0011
00 00,00 80,Beacon,SOC-LAB,755,ff:ff:ff:ff:ff:ff,e:8d:cb:84:9b:ff,e:8d:cb:84:9b:ff,5.180000,0.0011
00 00,00 80,Beacon,SOC-LAB,754,ff:ff:ff:ff:ff:ff,e:8d:cb:84:9b:ff,e:8d:cb:84:9b:ff,5.180000,0.0011
00 00,00 80,Beacon,SOC-LAB,753,ff:ff:ff:ff:ff:ff,e:8d:cb:84:9b:ff,e:8d:cb:84:9b:ff,5.180000,0.0011
00 00,00 80,Beacon,SOC-LAB,752,ff:ff:ff:ff:ff:ff,e:8d:cb:84:9b:ff,e:8d:cb:84:9b:ff,5.180000,0.0011
00 00,00 80,Beacon,SOC-LAB,751,ff:ff:ff:ff:ff:ff,e:8d:cb:84:9b:ff,e:8d:cb:84:9b:ff,5.180000,0.0011
00 00,00 80,Beacon,SOC-LAB,750,ff:ff:ff:ff:ff:ff,e:8d:cb:84:9b:ff,e:8d:cb:84:9b:ff,5.180000,0.0011
00 00,00 80,Beacon,SOC-LAB,749,ff:ff:ff:ff:ff:ff,e:8d:cb:84:9b:ff,e:8d:cb:84:9b:ff,5.180000,0.0011
00 00,00 80,Beacon,SOC-LAB,748,ff:ff:ff:ff:ff:ff,e:8d:cb:84:9b:ff,e:8d:cb:84:9b:ff,5.180000,0.0011
00 00,00 80,Beacon,SOC-LAB,746,ff:ff:ff:ff:ff:ff,e:8d:cb:84:9b:ff,e:8d:cb:84:9b:ff,5.180000,0.0011
00 00,00 80,Beacon,SOC-LAB,745,ff:ff:ff:ff:ff:ff,e:8d:cb:84:9b:ff,e:8d:cb:84:9b:ff,5.180000,0.0011
00 00,00 80,Beacon,SOC-LAB,744,ff:ff:ff:ff:ff:ff,e:8d:cb:84:9b:ff,e:8d:cb:84:9b:ff,5.180000,0.0011
00 00,00 80,Beacon,SOC-LAB,743,ff:ff:ff:ff:ff:ff,e:8d:cb:84:9b:ff,e:8d:cb:84:9b:ff,5.180000,0.0011
00 00,00 80,Beacon,SOC-LAB,742,ff:ff:ff:ff:ff:ff,e:8d:cb:84:9b:ff,e:8d:cb:84:9b:ff,5.180000,0.0011
00 00,00 80,Beacon,SOC-LAB,741,ff:ff:ff:ff:ff:ff,e:8d:cb:84:9b:ff,e:8d:cb:84:9b:ff,5.180000,0.0011
00 00,00 80,Beacon,SOC-LAB,740,ff:ff:ff:ff:ff:ff,e:8d:cb:84:9b:ff,e:8d:cb:84:9b:ff,5.180000,0.0011
00 00,00 80,Beacon,SOC-LAB,739,ff:ff:ff:ff:ff:ff,e:8d:cb:84:9b:ff,e:8d:cb:84:9b:ff,5.180000,0.0011
00 00,00 80,Beacon,SOC-LAB,738,ff:ff:ff:ff:ff:ff,e:8d:cb:84:9b:ff,e:8d:cb:84:9b:ff,5.180000,0.0011
00 00,00 80,Beacon,SOC-LAB,736,ff:ff:ff:ff:ff:ff,e:8d:cb:84:9b:ff,e:8d:cb:84:9b:ff,5.180000,0.0011
00 00,00 80,Beacon,SOC-LAB,735,ff:ff:ff:ff:ff:ff,e:8d:cb:84:9b:ff,e:8d:cb:84:9b:ff,5.180000,0.0011
00 00,00 80,Beacon,SOC-LAB,733,ff:ff:ff:ff:ff:ff,e:8d:cb:84:9b:ff,e:8d:cb:84:9b:ff,5.180000,0.0011
00 00,00 80,Beacon,SOC-LAB,731,ff:ff:ff:ff:ff:ff,e:8d:cb:84:9b:ff,e:8d:cb:84:9b:ff,5.180000,0.0011
00 00,00 80,Beacon,SOC-LAB,730,ff:ff:ff:ff:ff:ff,e:8d:cb:84:9b:ff,e:8d:cb:84:9b:ff,5.180000,0.0011
00 00,00 80,Beacon,SOC-LAB,729,ff:ff:ff:ff:ff:ff,e:8d:cb:84:9b:ff,e:8d:cb:84:9b:ff,5.180000,0.0011
00 00,00 80,Beacon,SOC-LAB,728,ff:ff:ff:ff:ff:ff,e:8d:cb:84:9b:ff,e:8d:cb:84:9b:ff,5.180000,0.0011
00 00,00 80,Beacon,SOC-LAB,727,ff:ff:ff:ff:ff:ff,e:8d:cb:84:9b:ff,e:8d:cb:84:9b:ff,5.180000,0.0011
00 00,00 80,Beacon,SOC-LAB,725,ff:ff:ff:ff:ff:ff,e:8d:cb:84:9b:ff,e:8d:cb:84:9b:ff,5.180000,0.0011
00 00,00 80,Beacon,SOC-LAB,724,ff:ff:ff:ff:ff:ff,e:8d:cb:84:9b:ff,e:8d:cb:84:9b:ff,5.180000,0.0011
00 00,00 80,Beacon,SOC-LAB,723,ff:ff:ff:ff:ff:ff,e:8d:cb:84:9b:ff,e:8d:cb:84:9b:ff,5.180000,0.0011
00 00,00 80,Beacon,SOC-LAB,722,ff:ff:ff:ff:ff:ff,e:8d:cb:84:9b:ff,e:8d:cb:84:9b:ff,5.180000,0.0011
00 00,00 80,Beacon,SOC-LAB,721,ff:ff:ff:ff:ff:ff,e:8d:cb:84:9b:ff,e:8d:cb:84:9b:ff,5.180000,0.0011
00 00,00 80,Beacon,SOC-LAB,720,ff:ff:ff:ff:ff:ff,e:8d:cb:84:9b:ff,e:8d:cb:84:9b:ff,5.180000,0.0011
00 00,00 80,Beacon,SOC-LAB,719,ff:ff:ff:ff:ff:ff,e:8d:cb:84:9b:ff,e:8d:cb:84:9b:ff,5.180000,0.0011
00 00,00 80,Beacon,SOC-LAB,717,ff:ff:ff:ff:ff:ff,e:8d:cb:84:9b:ff,e:8d:cb:84:9b:ff,5.180000,0.0011
00 00,00 80,Beacon,SOC-LAB,716,ff:ff:ff:ff:ff:ff,e:8d:cb:84:9b:ff,e:8d:cb:84:9b:ff,5.180000,0.0011
00 00,00 80,Beacon,SOC-LAB,715,ff:ff:ff:ff:ff:ff,e:8d:cb:84:9b:ff,e:8d:cb:84:9b:ff,5.180000,0.0011
00 00,00 80,Beacon,SOC-LAB,714,ff:ff:ff:ff:ff:ff,e:8d:cb:84:9b:ff,e:8d:cb:84:9b:ff,5.180000,0.0011
00 00,00 80,Beacon,SOC-LAB,713,ff:ff:ff:ff:ff:ff,e:8d:cb:84:9b:ff,e:8d:cb:84:9b:ff,5.180000,0.0011
00 00,00 80,Beacon,SOC-LAB,712,ff:ff:ff:ff:ff:ff,e:8d:cb:84:9b:ff,e:8d:cb:84:9b:ff,5.180000,0.0011
00 00,00 80,Beacon,SOC-LAB,711,ff:ff:ff:ff:ff:ff,e:8d:cb:84:9b:ff,e:8d:cb:84:9b:ff,5.180000,0.0011
00 00,00 80,Beacon,SOC-LAB,710,ff:ff:ff:ff:ff:ff,e:8d:cb:84:9b:ff,e:8d:cb:84:9b:ff,5.180000,0.0011
00 00,00 80,Beacon,SOC-LAB,709,ff:ff:ff:ff:ff:ff,e:8d:cb:84:9b:ff,e:8d:cb:84:9b:ff,5.180000,0.0011
00 00,00 80,Beacon,SOC-LAB,708,ff:ff:ff:ff:ff:ff,e:8d:cb:84:9b:ff,e:8d:cb:84:9b:ff,5.180000,0.0011
00 00,00 80,Beacon,SOC-LAB,707,ff:ff:ff:ff:ff:ff,e:8d:cb:84:9b:ff,e:8d:cb:84:9b:ff,5.180000,0.0011
00 00,00 80,Beacon,SOC-LAB,706,ff:ff:ff:ff:ff:ff,e:8d:cb:84:9b:ff,e:8d:cb:84:9b:ff,5.180000,0.0011
00 00,00 80,Beacon,SOC-LAB,705,ff:ff:ff:ff:ff:ff,e:8d:cb:84:9b:ff,e:8d:cb:84:9b:ff,5.180000,0.0011
00 00,00 80,Beacon,SOC-LAB,704,ff:ff:ff:ff:ff:ff,e:8d:cb:84:9b:ff,e:8d:cb:84:9b:ff,5.180000,0.0011
00 00,00 80,Beacon,SOC-LAB,703,ff:ff:ff:ff:ff:ff,e:8d:cb:84:9b:ff,e:8d:cb:84:9b:ff,5.180000,0.0011
00 00,00 80,Beacon,SOC-LAB,702,ff:ff:ff:ff:ff:ff,e:8d:cb:84:9b:ff,e:8d:cb:84:9b:ff,5.180000,0.0011
00 00,00 80,Beacon,SOC-LAB,700,ff:ff:ff:ff:ff:ff,e:8d:cb:84:9b:ff,e:8d:cb:84:9b:ff,5.180000,0.0011
00 00,00 80,Beacon,SOC-LAB,699,ff:ff:ff:ff:ff:ff,e:8d:cb:84:9b:ff,e:8d:cb:84:9b:ff,5.180000,0.0011
00 00,00 80,Beacon,SOC-LAB,698,ff:ff:ff:ff:ff:ff,e:8d:cb:84:9b:ff,e:8d:cb:84:9b:ff,5.180000,0.0011
00 00,00 80,Beacon,SOC-LAB,697,ff:ff:ff:ff:ff:ff,e:8d:cb:84:9b:ff,e:8d:cb:84:9b:ff,5.180000,0.0011
00 00,00 80,Beacon,SOC-LAB,696,ff:ff:ff:ff:ff:ff,e:8d:cb:84:9b:ff,e:8d:cb:84:9b:ff,5.180000,0.0011
00 00,00 80,Beacon,SOC-LAB,695,ff:ff:ff:ff:ff:ff,e:8d:cb:84:9b:ff,e:8d:cb:84:9b:ff,5.180000,0.0011
00 00,00 80,Beacon,SOC-LAB,694,ff:ff:ff:ff:ff:ff,e:8d:cb:84:9b:ff,e:8d:cb:84:9b:ff,5.180000,0.0011
00 00,00 80,Beacon,SOC-LAB,693,ff:ff:ff:ff:ff:ff,e:8d:cb:84:9b:ff,e:8d:cb:84:9b:ff,5.180000,0.0011
00 00,00 80,Beacon,SOC-LAB,692,ff:ff:ff:ff:ff:ff,e:8d:cb:84:9b:ff,e:8d:cb:84:9b:ff,5.180000,0.0011
00 00,00 80,Beacon,SOC-LAB,690,ff:ff:ff:ff:ff:ff,e:8d:cb:84:9b:ff,e:8d:cb:84:9b:ff,5.180000,0.0011
00 00,00 80,Beacon,SOC-LAB,689,ff:ff:ff:ff:ff:ff,e:8d:cb:84:9b:ff,e:8d:cb:84:9b:ff,5.180000,0.0011
00 00,00 80,Beacon,SOC-LAB,688,ff:ff:ff:ff:ff:ff,e:8d:cb:84:9b:ff,e:8d:cb:84:9b:ff,5.180000,0.0011
00 00,00 80,Beacon,SOC-LAB,687,ff:ff:ff:ff:ff:ff,e:8d:cb:84:9b:ff,e:8d:cb:84:9b:ff,5.180000,0.0011
00 00,00 80,Beacon,SOC-LAB,685,ff:ff:ff:ff:ff:ff,e:8d:cb:84:9b:ff,e:8d:cb:84:9b:ff,5.180000,0.0011
00 00,00 80,Beacon,SOC-LAB,684,ff:ff:ff:ff:ff:ff,e:8d:cb:84:9b:ff,e:8d:cb:84:9b:ff,5.180000,0.0011
00 00,00 80,Beacon,SOC-LAB,683,ff:ff:ff:ff:ff:ff,e:8d:cb:84:9b:ff,e:8d:cb:84:9b:ff,5.180000,0.0011
00 00,00 80,Beacon,SOC-LAB,681,ff:ff:ff:ff:ff:ff,e:8d:cb:84:9b:ff,e:8d:cb:84:9b:ff,5.180000,0.0011
00 00,00 80,Beacon,SOC-LAB,680,ff:ff:ff:ff:ff:ff,e:8d:cb:84:9b:ff,e:8d:cb:84:9b:ff,5.180000,0.0011
00 00,00 80,Beacon,SOC-LAB,679,ff:ff:ff:ff:ff:ff,e:8d:cb:84:9b:ff,e:8d:cb:84:9b:ff,5.180000,0.0011
00 00,00 80,Beacon,SOC-LAB,678,ff:ff:ff:ff:ff:ff,e:8d:cb:84:9b:ff,e:8d:cb:84:9b:ff,5.180000,0.0011
00 00,00 80,Beacon,SOC-LAB,676,ff:ff:ff:ff:ff:ff,e:8d:cb:84:9b:ff,e:8d:cb:84:9b:ff,5.180000,0.0011
00 00,00 80,Beacon,SOC-LAB,675,ff:ff:ff:ff:ff:ff,e:8d:cb:84:9b:ff,e:8d:cb:84:9b:ff,5.180000,0.0011
00 00,00 80,Beacon,SOC-LAB,674,ff:ff:ff:ff:ff:ff,e:8d:cb:84:9b:ff,e:8d:cb:84:9b:ff,5.180000,0.0011
00 00,00 80,Beacon,SOC-LAB,673,ff:ff:ff:ff:ff:ff,e:8d:cb:84:9b:ff,e:8d:cb:84:9b:ff,5.180000,0.0011
00 00,00 80,Beacon,SOC-LAB,672,ff:ff:ff:ff:ff:ff,e:8d:cb:84:9b:ff,e:8d:cb:84:9b:ff,5.180000,0.0011
00 00,00 80,Beacon,SOC-LAB,671,ff:ff:ff:ff:ff:ff,e:8d:cb:84:9b:ff,e:8d:cb:84:9b:ff,5.180000,0.0011
00 00,00 80,Beacon,SOC-LAB,670,ff:ff:ff:ff:ff:ff,e:8d:cb:84:9b:ff,e:8d:cb:84:9b:ff,5.180000,0.0011
00 00,00 80,Beacon,SOC-LAB,669,ff:ff:ff:ff:ff:ff,e:8d:cb:84:9b:ff,e:8d:cb:84:9b:ff,5.180000,0.0011
00 00,00 80,Beacon,SOC-LAB,667,ff:ff:ff:ff:ff:ff,e:8d:cb:84:9b:ff,e:8d:cb:84:9b:ff,5.180000,0.0011
00 00,00 80,Beacon,Pod9,2631,ff:ff:ff:ff:ff:ff,d8:b1:90:db:d7:70,d8:b1:90:db:d7:70,2.452000,0.0011
00 00,00 80,Beacon,Pod9Contractor,3046,ff:ff:ff:ff:ff:ff,d8:b1:90:db:d7:73,d8:b1:90:db:d7:73,2.452000,0.0011
00 00,00 80,Beacon,LTE-Lab,3687,ff:ff:ff:ff:ff:ff,2:8d:cb:84:9b:ff,2:8d:cb:84:9b:ff,5.180000 ,0.0011
00 00,00 80,Beacon,LTE-Lab,3684,ff:ff:ff:ff:ff:ff,2:8d:cb:84:9b:ff,2:8d:cb:84:9b:ff,5.180000,0.0011
00 00,00 80,Beacon,LTE-Lab,3683,ff:ff:ff:ff:ff:ff,2:8d:cb:84:9b:ff,2:8d:cb:84:9b:ff,5.180000,0.0011
00 00,00 80,Beacon,LTE-Lab,3682,ff:ff:ff:ff:ff:ff,2:8d:cb:84:9b:ff,2:8d:cb:84:9b:ff,5.180000,0.0011
00 00,00 80,Beacon,LTE-Lab,3681,ff:ff:ff:ff:ff:ff,2:8d:cb:84:9b:ff,2:8d:cb:84:9b:ff,5.180000,0.0011
00 00,00 80,Beacon,LTE-Lab,3680,ff:ff:ff:ff:ff:ff,2:8d:cb:84:9b:ff,2:8d:cb:84:9b:ff,5.180000,0.0011
00 00,00 80,Beacon,LTE-Lab,3679,ff:ff:ff:ff:ff:ff,2:8d:cb:84:9b:ff,2:8d:cb:84:9b:ff,5.180000,0.0011
00 00,00 80,Beacon,LTE-Lab,3678,ff:ff:ff:ff:ff:ff,2:8d:cb:84:9b:ff,2:8d:cb:84:9b:ff,5.180000,0.0011
00 00,00 80,Beacon,LTE-Lab,3677,ff:ff:ff:ff:ff:ff,2:8d:cb:84:9b:ff,2:8d:cb:84:9b:ff,5.180000,0.0011
00 00,00 80,Beacon,LTE-Lab,3675,ff:ff:ff:ff:ff:ff,2:8d:cb:84:9b:ff,2:8d:cb:84:9b:ff,5.180000,0.0011
00 00,00 80,Beacon,LTE-Lab,3674,ff:ff:ff:ff:ff:ff,2:8d:cb:84:9b:ff,2:8d:cb:84:9b:ff,5.180000,0.0011
00 00,00 80,Beacon,LTE-Lab,3673,ff:ff:ff:ff:ff:ff,2:8d:cb:84:9b:ff,2:8d:cb:84:9b:ff,5.180000,0.0011
00 00,00 80,Beacon,LTE-Lab,3672,ff:ff:ff:ff:ff:ff,2:8d:cb:84:9b:ff,2:8d:cb:84:9b:ff,5.180000,0.0011
00 00,00 80,Beacon,LTE-Lab,3670,ff:ff:ff:ff:ff:ff,2:8d:cb:84:9b:ff,2:8d:cb:84:9b:ff,5.180000,0.0011
00 00,00 80,Beacon,LTE-Lab,3669,ff:ff:ff:ff:ff:ff,2:8d:cb:84:9b:ff,2:8d:cb:84:9b:ff,5.180000,0.0011
00 00,00 80,Beacon,LTE-Lab,3668,ff:ff:ff:ff:ff:ff,2:8d:cb:84:9b:ff,2:8d:cb:84:9b:ff,5.180000,0.0011
00 00,00 80,Beacon,LTE-Lab,3667,ff:ff:ff:ff:ff:ff,2:8d:cb:84:9b:ff,2:8d:cb:84:9b:ff,5.180000,0.0011
00 00,00 80,Beacon,LTE-Lab,3666,ff:ff:ff:ff:ff:ff,2:8d:cb:84:9b:ff,2:8d:cb:84:9b:ff,5.180000,0.0011
00 00,00 80,Beacon,LTE-Lab,3665,ff:ff:ff:ff:ff:ff,2:8d:cb:84:9b:ff,2:8d:cb:84:9b:ff,5.180000,0.0011
00 00,00 80,Beacon,LTE-Lab,3663,ff:ff:ff:ff:ff:ff,2:8d:cb:84:9b:ff,2:8d:cb:84:9b:ff,5.180000,0.0011
00 00,00 80,Beacon,LTE-Lab,3662,ff:ff:ff:ff:ff:ff,2:8d:cb:84:9b:ff,2:8d:cb:84:9b:ff,5.180000,0.0011
00 00,00 80,Beacon,LTE-Lab,3661,ff:ff:ff:ff:ff:ff,2:8d:cb:84:9b:ff,2:8d:cb:84:9b:ff,5.180000,0.0011
00 00,00 80,Beacon,LTE-Lab,3660,ff:ff:ff:ff:ff:ff,2:8d:cb:84:9b:ff,2:8d:cb:84:9b:ff,5.180000,0.0011
00 00,00 80,Beacon,LTE-Lab,3659,ff:ff:ff:ff:ff:ff,2:8d:cb:84:9b:ff,2:8d:cb:84:9b:ff,5.180000,0.0011
00 00,00 80,Beacon,LTE-Lab,3657,ff:ff:ff:ff:ff:ff,2:8d:cb:84:9b:ff,2:8d:cb:84:9b:ff,5.180000,0.0011
00 00,00 80,Beacon,LTE-Lab,3655,ff:ff:ff:ff:ff:ff,2:8d:cb:84:9b:ff,2:8d:cb:84:9b:ff,5.180000,0.0011
00 00,00 80,Beacon,LTE-Lab,3654,ff:ff:ff:ff:ff:ff,2:8d:cb:84:9b:ff,2:8d:cb:84:9b:ff,5.180000,0.0011
00 00,00 80,Beacon,LTE-Lab,3652,ff:ff:ff:ff:ff:ff,2:8d:cb:84:9b:ff,2:8d:cb:84:9b:ff,5.180000,0.0011
00 00,00 80,Beacon,LTE-Lab,3650,ff:ff:ff:ff:ff:ff,2:8d:cb:84:9b:ff,2:8d:cb:84:9b:ff,5.180000,0.0011
00 00,00 80,Beacon,LTE-Lab,3649,ff:ff:ff:ff:ff:ff,2:8d:cb:84:9b:ff,2:8d:cb:84:9b:ff,5.180000,0.0011
00 00,00 80,Beacon,LTE-Lab,3648,ff:ff:ff:ff:ff:ff,2:8d:cb:84:9b:ff,2:8d:cb:84:9b:ff,5.180000,0.0011
00 00,00 80,Beacon,LTE-Lab,3647,ff:ff:ff:ff:ff:ff,2:8d:cb:84:9b:ff,2:8d:cb:84:9b:ff,5.180000,0.0011
00 00,00 80,Beacon,LTE-Lab,3646,ff:ff:ff:ff:ff:ff,2:8d:cb:84:9b:ff,2:8d:cb:84:9b:ff,5.180000,0.0011
00 00,00 80,Beacon,LTE-Lab,3645,ff:ff:ff:ff:ff:ff,2:8d:cb:84:9b:ff,2:8d:cb:84:9b:ff,5.180000,0.0011
00 00,00 80,Beacon,LTE-Lab,3644,ff:ff:ff:ff:ff:ff,2:8d:cb:84:9b:ff,2:8d:cb:84:9b:ff,5.180000,0.0011
00 00,00 80,Beacon,LTE-Lab,3643,ff:ff:ff:ff:ff:ff,2:8d:cb:84:9b:ff,2:8d:cb:84:9b:ff,5.180000,0.0011
00 00,00 80,Beacon,LTE-Lab,3642,ff:ff:ff:ff:ff:ff,2:8d:cb:84:9b:ff,2:8d:cb:84:9b:ff,5.180000,0.0011
00 00,00 80,Beacon,LTE-Lab,3640,ff:ff:ff:ff:ff:ff,2:8d:cb:84:9b:ff,2:8d:cb:84:9b:ff,5.180000,0.0011
00 00,00 80,Beacon,LTE-Lab,3639,ff:ff:ff:ff:ff:ff,2:8d:cb:84:9b:ff,2:8d:cb:84:9b:ff,5.180000,0.0011
00 00,00 80,Beacon,LTE-Lab,3637,ff:ff:ff:ff:ff:ff,2:8d:cb:84:9b:ff,2:8d:cb:84:9b:ff,5.180000,0.0011
00 00,00 80,Beacon,LTE-Lab,3636,ff:ff:ff:ff:ff:ff,2:8d:cb:84:9b:ff,2:8d:cb:84:9b:ff,5.180000,0.0011
00 00,00 80,Beacon,LTE-Lab,3634,ff:ff:ff:ff:ff:ff,2:8d:cb:84:9b:ff,2:8d:cb:84:9b:ff,5.180000,0.0011
00 00,00 80,Beacon,LTE-Lab,3633,ff:ff:ff:ff:ff:ff,2:8d:cb:84:9b:ff,2:8d:cb:84:9b:ff,5.180000,0.0011
00 00,00 80,Beacon,LTE-Lab,3632,ff:ff:ff:ff:ff:ff,2:8d:cb:84:9b:ff,2:8d:cb:84:9b:ff,5.180000,0.0011
00 00,00 80,Beacon,LTE-Lab,3631,ff:ff:ff:ff:ff:ff,2:8d:cb:84:9b:ff,2:8d:cb:84:9b:ff,5.180000,0.0011
00 00,00 80,Beacon,LTE-Lab,3630,ff:ff:ff:ff:ff:ff,2:8d:cb:84:9b:ff,2:8d:cb:84:9b:ff,5.180000,0.0011
00 00,00 80,Beacon,LTE-Lab,3629,ff:ff:ff:ff:ff:ff,2:8d:cb:84:9b:ff,2:8d:cb:84:9b:ff,5.180000,0.0011
00 00,00 80,Beacon,LTE-Lab,3628,ff:ff:ff:ff:ff:ff,2:8d:cb:84:9b:ff,2:8d:cb:84:9b:ff,5.180000,0.0011
00 00,00 80,Beacon,LTE-Lab,3627,ff:ff:ff:ff:ff:ff,2:8d:cb:84:9b:ff,2:8d:cb:84:9b:ff,5.180000,0.0011
00 00,00 80,Beacon,LTE-Lab,3626,ff:ff:ff:ff:ff:ff,2:8d:cb:84:9b:ff,2:8d:cb:84:9b:ff,5.180000,0.0011
00 00,00 80,Beacon,LTE-Lab,3625,ff:ff:ff:ff:ff:ff,2:8d:cb:84:9b:ff,2:8d:cb:84:9b:ff,5.180000,0.0011
00 00,00 80,Beacon,LTE-Lab,3624,ff:ff:ff:ff:ff:ff,2:8d:cb:84:9b:ff,2:8d:cb:84:9b:ff,5.180000,0.0011
00 00,00 80,Beacon,LTE-Lab,3623,ff:ff:ff:ff:ff:ff,2:8d:cb:84:9b:ff,2:8d:cb:84:9b:ff,5.180000,0.0011
00 00,00 80,Beacon,LTE-Lab,3622,ff:ff:ff:ff:ff:ff,2:8d:cb:84:9b:ff,2:8d:cb:84:9b:ff,5.180000,0.0011
00 00,00 80,Beacon,LTE-Lab,3620,ff:ff:ff:ff:ff:ff,2:8d:cb:84:9b:ff,2:8d:cb:84:9b:ff,5.180000,0.0011
00 00,00 80,Beacon,LTE-Lab,3619,ff:ff:ff:ff:ff:ff,2:8d:cb:84:9b:ff,2:8d:cb:84:9b:ff,5.180000,0.0011
00 00,00 80,Beacon,LTE-Lab,3618,ff:ff:ff:ff:ff:ff,2:8d:cb:84:9b:ff,2:8d:cb:84:9b:ff,5.180000,0.0011
00 00,00 80,Beacon,LTE-Lab,3617,ff:ff:ff:ff:ff:ff,2:8d:cb:84:9b:ff,2:8d:cb:84:9b:ff,5.180000,0.0011
00 00,00 80,Beacon,LTE-Lab,3615,ff:ff:ff:ff:ff:ff,2:8d:cb:84:9b:ff,2:8d:cb:84:9b:ff,5.180000,0.0011
00 00,00 80,Beacon,LTE-Lab,3614,ff:ff:ff:ff:ff:ff,2:8d:cb:84:9b:ff,2:8d:cb:84:9b:ff,5.180000,0.0011
00 00,00 80,Beacon,LTE-Lab,3613,ff:ff:ff:ff:ff:ff,2:8d:cb:84:9b:ff,2:8d:cb:84:9b:ff,5.180000,0.0011
00 00,00 80,Beacon,LTE-Lab,3612,ff:ff:ff:ff:ff:ff,2:8d:cb:84:9b:ff,2:8d:cb:84:9b:ff,5.180000,0.0011
00 00,00 80,Beacon,LTE-Lab,3611,ff:ff:ff:ff:ff:ff,2:8d:cb:84:9b:ff,2:8d:cb:84:9b:ff,5.180000,0.0011
00 00,00 80,Beacon,LTE-Lab,3610,ff:ff:ff:ff:ff:ff,2:8d:cb:84:9b:ff,2:8d:cb:84:9b:ff,5.180000,0.0011
00 00,00 80,Beacon,LTE-Lab,3609,ff:ff:ff:ff:ff:ff,2:8d:cb:84:9b:ff,2:8d:cb:84:9b:ff,5.180000,0.0011
00 00,00 80,Beacon,LTE-Lab,3608,ff:ff:ff:ff:ff:ff,2:8d:cb:84:9b:ff,2:8d:cb:84:9b:ff,5.180000,0.0011
00 00,00 80,Beacon,LTE-Lab,3607,ff:ff:ff:ff:ff:ff,2:8d:cb:84:9b:ff,2:8d:cb:84:9b:ff,5.180000,0.0011
00 00,00 80,Beacon,LTE-Lab,3606,ff:ff:ff:ff:ff:ff,2:8d:cb:84:9b:ff,2:8d:cb:84:9b:ff,5.180000,0.0011
00 00,00 80,Beacon,LTE-Lab,3605,ff:ff:ff:ff:ff:ff,2:8d:cb:84:9b:ff,2:8d:cb:84:9b:ff,5.180000,0.0011
00 00,00 80,Beacon,LTE-Lab,3604,ff:ff:ff:ff:ff:ff,2:8d:cb:84:9b:ff,2:8d:cb:84:9b:ff,5.180000,0.0011
00 00,00 80,Beacon,LTE-Lab,3603,ff:ff:ff:ff:ff:ff,2:8d:cb:84:9b:ff,2:8d:cb:84:9b:ff,5.180000,0.0011
00 00,00 80,Beacon,LTE-Lab,3602,ff:ff:ff:ff:ff:ff,2:8d:cb:84:9b:ff,2:8d:cb:84:9b:ff,5.180000,0.0011
00 00,00 80,Beacon,LTE-Lab,3600,ff:ff:ff:ff:ff:ff,2:8d:cb:84:9b:ff,2:8d:cb:84:9b:ff,5.180000,0.0011
00 00,00 80,Beacon,LTE-Lab,3599,ff:ff:ff:ff:ff:ff,2:8d:cb:84:9b:ff,2:8d:cb:84:9b:ff,5.180000,0.0011
00 00,00 80,Beacon,LTE-Lab,3597,ff:ff:ff:ff:ff:ff,2:8d:cb:84:9b:ff,2:8d:cb:84:9b:ff,5.180000,0.0011
00 00,00 80,Beacon,LTE-Lab,3594,ff:ff:ff:ff:ff:ff,2:8d:cb:84:9b:ff,2:8d:cb:84:9b:ff,5.180000,0.0011
00 00,00 80,Beacon,LTE-Lab,3593,ff:ff:ff:ff:ff:ff,2:8d:cb:84:9b:ff,2:8d:cb:84:9b:ff,5.180000,0.0011
00 00,00 80,Beacon,LTE-Lab,3592,ff:ff:ff:ff:ff:ff,2:8d:cb:84:9b:ff,2:8d:cb:84:9b:ff,5.180000,0.0011
00 00,00 80,Beacon,LTE-Lab,3591,ff:ff:ff:ff:ff:ff,2:8d:cb:84:9b:ff,2:8d:cb:84:9b:ff,5.180000,0.0011
00 00,00 80,Beacon,LTE-Lab,3590,ff:ff:ff:ff:ff:ff,2:8d:cb:84:9b:ff,2:8d:cb:84:9b:ff,5.180000,0.0011
00 00,00 80,Beacon,LTE-Lab,3589,ff:ff:ff:ff:ff:ff,2:8d:cb:84:9b:ff,2:8d:cb:84:9b:ff,5.180000,0.0011
00 00,00 80,Beacon,LTE-Lab,3588,ff:ff:ff:ff:ff:ff,2:8d:cb:84:9b:ff,2:8d:cb:84:9b:ff,5.180000,0.0011
00 00,00 80,Beacon,LTE-Lab,3587,ff:ff:ff:ff:ff:ff,2:8d:cb:84:9b:ff,2:8d:cb:84:9b:ff,5.180000,0.0011
00 00,00 80,Beacon,LTE-Lab,3585,ff:ff:ff:ff:ff:ff,2:8d:cb:84:9b:ff,2:8d:cb:84:9b:ff,5.180000,0.0011
00 00,00 80,Beacon,LTE-Lab,3584,ff:ff:ff:ff:ff:ff,2:8d:cb:84:9b:ff,2:8d:cb:84:9b:ff,5.180000,0.0011
00 00,00 80,Beacon,LTE-Lab,3583,ff:ff:ff:ff:ff:ff,2:8d:cb:84:9b:ff,2:8d:cb:84:9b:ff,5.180000,0.0011
00 00,00 80,Beacon,LTE-Lab,3581,ff:ff:ff:ff:ff:ff,2:8d:cb:84:9b:ff,2:8d:cb:84:9b:ff,5.180000,0.0011
00 00,00 80,Beacon,LTE-Lab,3580,ff:ff:ff:ff:ff:ff,2:8d:cb:84:9b:ff,2:8d:cb:84:9b:ff,5.180000,0.0011
00 00,00 80,Beacon,LTE-Lab,3579,ff:ff:ff:ff:ff:ff,2:8d:cb:84:9b:ff,2:8d:cb:84:9b:ff,5.180000,0.0011
00 00,00 80,Beacon,LTE-Lab,3578,ff:ff:ff:ff:ff:ff,2:8d:cb:84:9b:ff,2:8d:cb:84:9b:ff,5.180000,0.0011
00 00,00 80,Beacon,LTE-Lab,3577,ff:ff:ff:ff:ff:ff,2:8d:cb:84:9b:ff,2:8d:cb:84:9b:ff,5.180000,0.0011
00 00,00 80,Beacon,LTE-Lab,3576,ff:ff:ff:ff:ff:ff,2:8d:cb:84:9b:ff,2:8d:cb:84:9b:ff,5.180000,0.0011
00 00,00 80,Beacon,LTE-Lab,3574,ff:ff:ff:ff:ff:ff,2:8d:cb:84:9b:ff,2:8d:cb:84:9b:ff,5.180000,0.0011
00 00,00 80,Beacon,LTE-Lab,3573,ff:ff:ff:ff:ff:ff,2:8d:cb:84:9b:ff,2:8d:cb:84:9b:ff,5.180000,0.0011
00 00,00 80,Beacon,LTE-Lab,3572,ff:ff:ff:ff:ff:ff,2:8d:cb:84:9b:ff,2:8d:cb:84:9b:ff,5.180000,0.0011
00 00,00 80,Beacon,LTE-Lab,3570,ff:ff:ff:ff:ff:ff,2:8d:cb:84:9b:ff,2:8d:cb:84:9b:ff,5.180000,0.0011
00 00,00 80,Beacon,LTE-Lab,3569,ff:ff:ff:ff:ff:ff,2:8d:cb:84:9b:ff,2:8d:cb:84:9b:ff,5.180000,0.0011
00 00,00 80,Beacon,LTE-Lab,3568,ff:ff:ff:ff:ff:ff,2:8d:cb:84:9b:ff,2:8d:cb:84:9b:ff,5.180000,0.0011
00 00,00 80,Beacon,LTE-Lab,3567,ff:ff:ff:ff:ff:ff,2:8d:cb:84:9b:ff,2:8d:cb:84:9b:ff,5.180000,0.0011
00 00,00 80,Beacon,LTE-Lab,3566,ff:ff:ff:ff:ff:ff,2:8d:cb:84:9b:ff,2:8d:cb:84:9b:ff,5.180000,0.0011
00 00,00 80,Beacon,LTE-Lab,3564,ff:ff:ff:ff:ff:ff,2:8d:cb:84:9b:ff,2:8d:cb:84:9b:ff,5.180000,0.0011
00 00,00 80,Beacon,LTE-Lab,3563,ff:ff:ff:ff:ff:ff,2:8d:cb:84:9b:ff,2:8d:cb:84:9b:ff,5.180000,0.0011
00 00,00 80,Beacon,LTE-Lab,3562,ff:ff:ff:ff:ff:ff,2:8d:cb:84:9b:ff,2:8d:cb:84:9b:ff,5.180000,0.0011
00 00,00 80,Beacon,LTE-Lab,3561,ff:ff:ff:ff:ff:ff,2:8d:cb:84:9b:ff,2:8d:cb:84:9b:ff,5.180000,0.0011
00 00,00 80,Beacon,LTE-Lab,3560,ff:ff:ff:ff:ff:ff,2:8d:cb:84:9b:ff,2:8d:cb:84:9b:ff,5.180000,0.0011
00 00,00 80,Beacon,LTE-Lab,3559,ff:ff:ff:ff:ff:ff,2:8d:cb:84:9b:ff,2:8d:cb:84:9b:ff,5.180000,0.0011
00 00,00 80,Beacon,LTE-Lab,3558,ff:ff:ff:ff:ff:ff,2:8d:cb:84:9b:ff,2:8d:cb:84:9b:ff,5.180000,0.0011
00 00,00 80,Beacon,LTE-Lab,3557,ff:ff:ff:ff:ff:ff,2:8d:cb:84:9b:ff,2:8d:cb:84:9b:ff,5.180000,0.0011
00 00,00 80,Beacon,LTE-Lab,3556,ff:ff:ff:ff:ff:ff,2:8d:cb:84:9b:ff,2:8d:cb:84:9b:ff,5.180000,0.0011
00 00,00 80,Beacon,LTE-Lab,3555,ff:ff:ff:ff:ff:ff,2:8d:cb:84:9b:ff,2:8d:cb:84:9b:ff,5.180000,0.0011
00 00,00 80,Beacon,LTE-Lab,3554,ff:ff:ff:ff:ff:ff,2:8d:cb:84:9b:ff,2:8d:cb:84:9b:ff,5.180000,0.0011
00 00,00 80,Beacon,LTE-Lab,3553,ff:ff:ff:ff:ff:ff,2:8d:cb:84:9b:ff,2:8d:cb:84:9b:ff,5.180000,0.0011
00 00,00 80,Beacon,LTE-Lab,3552,ff:ff:ff:ff:ff:ff,2:8d:cb:84:9b:ff,2:8d:cb:84:9b:ff,5.180000,0.0011
00 00,00 80,Beacon,LTE-Lab,3551,ff:ff:ff:ff:ff:ff,2:8d:cb:84:9b:ff,2:8d:cb:84:9b:ff,5.180000,0.0011
00 00,00 80,Beacon,LTE-Lab,3550,ff:ff:ff:ff:ff:ff,2:8d:cb:84:9b:ff,2:8d:cb:84:9b:ff,5.180000,0.0011
00 00,00 80,Beacon,LTE-Lab,3549,ff:ff:ff:ff:ff:ff,2:8d:cb:84:9b:ff,2:8d:cb:84:9b:ff,5.180000,0.0011
00 00,00 80,Beacon,LTE-Lab,3548,ff:ff:ff:ff:ff:ff,2:8d:cb:84:9b:ff,2:8d:cb:84:9b:ff,5.180000,0.0011
00 00,00 80,Beacon,LTE-Lab,3547,ff:ff:ff:ff:ff:ff,2:8d:cb:84:9b:ff,2:8d:cb:84:9b:ff,5.180000,0.0011
00 00,00 80,Beacon,LTE-Lab,3546,ff:ff:ff:ff:ff:ff,2:8d:cb:84:9b:ff,2:8d:cb:84:9b:ff,5.180000,0.0011
00 00,00 80,Beacon,LTE-Lab,3545,ff:ff:ff:ff:ff:ff,2:8d:cb:84:9b:ff,2:8d:cb:84:9b:ff,5.180000,0.0011
00 00,00 80,Beacon,LTE-Lab,3544,ff:ff:ff:ff:ff:ff,2:8d:cb:84:9b:ff,2:8d:cb:84:9b:ff,5.180000,0.0011
00 00,00 80,Beacon,LTE-Lab,3543,ff:ff:ff:ff:ff:ff,2:8d:cb:84:9b:ff,2:8d:cb:84:9b:ff,5.180000,0.0011
00 00,00 80,Beacon,LTE-Lab,3542,ff:ff:ff:ff:ff:ff,2:8d:cb:84:9b:ff,2:8d:cb:84:9b:ff,5.180000,0.0011
00 00,00 80,Beacon,LTE-Lab,3541,ff:ff:ff:ff:ff:ff,2:8d:cb:84:9b:ff,2:8d:cb:84:9b:ff,5.180000,0.0011
00 00,00 80,Beacon,LTE-Lab,3540,ff:ff:ff:ff:ff:ff,2:8d:cb:84:9b:ff,2:8d:cb:84:9b:ff,5.180000,0.0011
00 00,00 80,Beacon,LTE-Lab,3539,ff:ff:ff:ff:ff:ff,2:8d:cb:84:9b:ff,2:8d:cb:84:9b:ff,5.180000,0.0011
00 00,00 80,Beacon,embedded,2801,ff:ff:ff:ff:ff:ff,a:8d:cb:84:9b:ff,a:8d:cb:84:9b:ff,5.180000,0.0011
00 00,00 80,Beacon,embedded,2798,ff:ff:ff:ff:ff:ff,a:8d:cb:84:9b:ff,a:8d:cb:84:9b:ff,5.180000,0.0011
00 00,00 80,Beacon,embedded,2796,ff:ff:ff:ff:ff:ff,a:8d:cb:84:9b:ff,a:8d:cb:84:9b:ff,5.180000,0.0011
00 00,00 80,Beacon,embedded,2795,ff:ff:ff:ff:ff:ff,a:8d:cb:84:9b:ff,a:8d:cb:84:9b:ff,5.180000,0.0011
00 00,00 80,Beacon,embedded,2794,ff:ff:ff:ff:ff:ff,a:8d:cb:84:9b:ff,a:8d:cb:84:9b:ff,5.180000,0.0011
00 00,00 80,Beacon,embedded,2793,ff:ff:ff:ff:ff:ff,a:8d:cb:84:9b:ff,a:8d:cb:84:9b:ff,5.180000,0.0011
00 00,00 80,Beacon,embedded,2792,ff:ff:ff:ff:ff:ff,a:8d:cb:84:9b:ff,a:8d:cb:84:9b:ff,5.180000,0.0011
00 00,00 80,Beacon,embedded,2791,ff:ff:ff:ff:ff:ff,a:8d:cb:84:9b:ff,a:8d:cb:84:9b:ff,5.180000,0.0011
00 00,00 80,Beacon,embedded,2790,ff:ff:ff:ff:ff:ff,a:8d:cb:84:9b:ff,a:8d:cb:84:9b:ff,5.180000,0.0011
00 00,00 80,Beacon,embedded,2789,ff:ff:ff:ff:ff:ff,a:8d:cb:84:9b:ff,a:8d:cb:84:9b:ff,5.180000,0.0011
00 00,00 80,Beacon,embedded,2788,ff:ff:ff:ff:ff:ff,a:8d:cb:84:9b:ff,a:8d:cb:84:9b:ff,5.180000,0.0011
00 00,00 80,Beacon,embedded,2787,ff:ff:ff:ff:ff:ff,a:8d:cb:84:9b:ff,a:8d:cb:84:9b:ff,5.180000,0.0011
00 00,00 80,Beacon,embedded,2786,ff:ff:ff:ff:ff:ff,a:8d:cb:84:9b:ff,a:8d:cb:84:9b:ff,5.180000,0.0011
00 00,00 80,Beacon,embedded,2784,ff:ff:ff:ff:ff:ff,a:8d:cb:84:9b:ff,a:8d:cb:84:9b:ff,5.180000,0.0011
00 00,00 80,Beacon,embedded,2782,ff:ff:ff:ff:ff:ff,a:8d:cb:84:9b:ff,a:8d:cb:84:9b:ff,5.180000,0.0011
00 00,00 80,Beacon,embedded,2781,ff:ff:ff:ff:ff:ff,a:8d:cb:84:9b:ff,a:8d:cb:84:9b:ff,5.180000,0.0011
00 00,00 80,Beacon,embedded,2780,ff:ff:ff:ff:ff:ff,a:8d:cb:84:9b:ff,a:8d:cb:84:9b:ff,5.180000,0.0011
00 00,00 80,Beacon,embedded,2779,ff:ff:ff:ff:ff:ff,a:8d:cb:84:9b:ff,a:8d:cb:84:9b:ff,5.180000,0.0011
00 00,00 80,Beacon,embedded,2778,ff:ff:ff:ff:ff:ff,a:8d:cb:84:9b:ff,a:8d:cb:84:9b:ff,5.180000,0.0011
00 00,00 80,Beacon,embedded,2777,ff:ff:ff:ff:ff:ff,a:8d:cb:84:9b:ff,a:8d:cb:84:9b:ff,5.180000,0.0011
00 00,00 80,Beacon,embedded,2775,ff:ff:ff:ff:ff:ff,a:8d:cb:84:9b:ff,a:8d:cb:84:9b:ff,5.180000,0.0011
00 00,00 80,Beacon,embedded,2774,ff:ff:ff:ff:ff:ff,a:8d:cb:84:9b:ff,a:8d:cb:84:9b:ff,5.180000,0.0011
00 00,00 80,Beacon,embedded,2772,ff:ff:ff:ff:ff:ff,a:8d:cb:84:9b:ff,a:8d:cb:84:9b:ff,5.180000,0.0011
00 00,00 80,Beacon,embedded,2771,ff:ff:ff:ff:ff:ff,a:8d:cb:84:9b:ff,a:8d:cb:84:9b:ff,5.180000,0.0011
00 00,00 80,Beacon,embedded,2768,ff:ff:ff:ff:ff:ff,a:8d:cb:84:9b:ff,a:8d:cb:84:9b:ff,5.180000,0.0011
00 00,00 80,Beacon,embedded,2767,ff:ff:ff:ff:ff:ff,a:8d:cb:84:9b:ff,a:8d:cb:84:9b:ff,5.180000,0.0011
00 00,00 80,Beacon,embedded,2766,ff:ff:ff:ff:ff:ff,a:8d:cb:84:9b:ff,a:8d:cb:84:9b:ff,5.180000,0.0011
00 00,00 80,Beacon,embedded,2765,ff:ff:ff:ff:ff:ff,a:8d:cb:84:9b:ff,a:8d:cb:84:9b:ff,5.180000,0.0011
00 00,00 80,Beacon,embedded,2764,ff:ff:ff:ff:ff:ff,a:8d:cb:84:9b:ff,a:8d:cb:84:9b:ff,5.180000,0.0011
00 00,00 80,Beacon,embedded,2763,ff:ff:ff:ff:ff:ff,a:8d:cb:84:9b:ff,a:8d:cb:84:9b:ff,5.180000,0.0011
00 00,00 80,Beacon,embedded,2762,ff:ff:ff:ff:ff:ff,a:8d:cb:84:9b:ff,a:8d:cb:84:9b:ff,5.180000,0.0011
00 00,00 80,Beacon,embedded,2761,ff:ff:ff:ff:ff:ff,a:8d:cb:84:9b:ff,a:8d:cb:84:9b:ff,5.180000,0.0011
00 00,00 80,Beacon,embedded,2759,ff:ff:ff:ff:ff:ff,a:8d:cb:84:9b:ff,a:8d:cb:84:9b:ff,5.180000,0.0011
00 00,00 80,Beacon,embedded,2758,ff:ff:ff:ff:ff:ff,a:8d:cb:84:9b:ff,a:8d:cb:84:9b:ff,5.180000,0.0011
00 00,00 80,Beacon,embedded,2757,ff:ff:ff:ff:ff:ff,a:8d:cb:84:9b:ff,a:8d:cb:84:9b:ff,5.180000,0.0011
00 00,00 80,Beacon,embedded,2753,ff:ff:ff:ff:ff:ff,a:8d:cb:84:9b:ff,a:8d:cb:84:9b:ff,5.180000,0.0011
00 00,00 80,Beacon,embedded,2752,ff:ff:ff:ff:ff:ff,a:8d:cb:84:9b:ff,a:8d:cb:84:9b:ff,5.180000,0.0011
00 00,00 80,Beacon,embedded,2751,ff:ff:ff:ff:ff:ff,a:8d:cb:84:9b:ff,a:8d:cb:84:9b:ff,5.180000,0.0011
00 00,00 80,Beacon,embedded,2749,ff:ff:ff:ff:ff:ff,a:8d:cb:84:9b:ff,a:8d:cb:84:9b:ff,5.180000,0.0011
00 00,00 80,Beacon,embedded,2748,ff:ff:ff:ff:ff:ff,a:8d:cb:84:9b:ff,a:8d:cb:84:9b:ff,5.180000,0.0011
00 00,00 80,Beacon,embedded,2746,ff:ff:ff:ff:ff:ff,a:8d:cb:84:9b:ff,a:8d:cb:84:9b:ff,5.180000,0.0011
00 00,00 80,Beacon,embedded,2744,ff:ff:ff:ff:ff:ff,a:8d:cb:84:9b:ff,a:8d:cb:84:9b:ff,5.180000,0.0011
00 00,00 80,Beacon,embedded,2743,ff:ff:ff:ff:ff:ff,a:8d:cb:84:9b:ff,a:8d:cb:84:9b:ff,5.180000,0.0011
00 00,00 80,Beacon,embedded,2742,ff:ff:ff:ff:ff:ff,a:8d:cb:84:9b:ff,a:8d:cb:84:9b:ff,5.180000,0.0011
00 00,00 80,Beacon,embedded,2741,ff:ff:ff:ff:ff:ff,a:8d:cb:84:9b:ff,a:8d:cb:84:9b:ff,5.180000,0.0011
00 00,00 80,Beacon,embedded,2740,ff:ff:ff:ff:ff:ff,a:8d:cb:84:9b:ff,a:8d:cb:84:9b:ff,5.180000,0.0011
00 00,00 80,Beacon,embedded,2739,ff:ff:ff:ff:ff:ff,a:8d:cb:84:9b:ff,a:8d:cb:84:9b:ff,5.180000,0.0011
00 00,00 80,Beacon,embedded,2737,ff:ff:ff:ff:ff:ff,a:8d:cb:84:9b:ff,a:8d:cb:84:9b:ff,5.180000,0.0011
00 00,00 80,Beacon,embedded,2736,ff:ff:ff:ff:ff:ff,a:8d:cb:84:9b:ff,a:8d:cb:84:9b:ff,5.180000,0.0011
00 00,00 80,Beacon,embedded,2735,ff:ff:ff:ff:ff:ff,a:8d:cb:84:9b:ff,a:8d:cb:84:9b:ff,5.180000,0.0011
00 00,00 80,Beacon,embedded,2734,ff:ff:ff:ff:ff:ff,a:8d:cb:84:9b:ff,a:8d:cb:84:9b:ff,5.180000,0.0011
00 00,00 80,Beacon,embedded,2733,ff:ff:ff:ff:ff:ff,a:8d:cb:84:9b:ff,a:8d:cb:84:9b:ff,5.180000,0.0011
00 00,00 80,Beacon,embedded,2732,ff:ff:ff:ff:ff:ff,a:8d:cb:84:9b:ff,a:8d:cb:84:9b:ff,5.180000,0.0011
00 00,00 80,Beacon,embedded,2730,ff:ff:ff:ff:ff:ff,a:8d:cb:84:9b:ff,a:8d:cb:84:9b:ff,5.180000,0.0011
00 00,00 80,Beacon,embedded,2729,ff:ff:ff:ff:ff:ff,a:8d:cb:84:9b:ff,a:8d:cb:84:9b:ff,5.180000,0.0011
00 00,00 80,Beacon,embedded,2728,ff:ff:ff:ff:ff:ff,a:8d:cb:84:9b:ff,a:8d:cb:84:9b:ff,5.180000,0.0011
00 00,00 80,Beacon,embedded,2727,ff:ff:ff:ff:ff:ff,a:8d:cb:84:9b:ff,a:8d:cb:84:9b:ff,5.180000,0.0011
00 00,00 80,Beacon,embedded,2726,ff:ff:ff:ff:ff:ff,a:8d:cb:84:9b:ff,a:8d:cb:84:9b:ff,5.180000,0.0011
00 00,00 80,Beacon,embedded,2725,ff:ff:ff:ff:ff:ff,a:8d:cb:84:9b:ff,a:8d:cb:84:9b:ff,5.180000,0.0011
00 00,00 80,Beacon,embedded,2723,ff:ff:ff:ff:ff:ff,a:8d:cb:84:9b:ff,a:8d:cb:84:9b:ff,5.180000,0.0011
00 00,00 80,Beacon,embedded,2722,ff:ff:ff:ff:ff:ff,a:8d:cb:84:9b:ff,a:8d:cb:84:9b:ff,5.180000,0.0011
00 00,00 80,Beacon,embedded,2721,ff:ff:ff:ff:ff:ff,a:8d:cb:84:9b:ff,a:8d:cb:84:9b:ff,5.180000,0.0011
00 00,00 80,Beacon,embedded,2719,ff:ff:ff:ff:ff:ff,a:8d:cb:84:9b:ff,a:8d:cb:84:9b:ff,5.180000,0.0011
00 00,00 80,Beacon,embedded,2718,ff:ff:ff:ff:ff:ff,a:8d:cb:84:9b:ff,a:8d:cb:84:9b:ff,5.180000,0.0011
00 00,00 80,Beacon,embedded,2717,ff:ff:ff:ff:ff:ff,a:8d:cb:84:9b:ff,a:8d:cb:84:9b:ff,5.180000,0.0011
00 00,00 80,Beacon,embedded,2716,ff:ff:ff:ff:ff:ff,a:8d:cb:84:9b:ff,a:8d:cb:84:9b:ff,5.180000,0.0011
00 00,00 80,Beacon,embedded,2715,ff:ff:ff:ff:ff:ff,a:8d:cb:84:9b:ff,a:8d:cb:84:9b:ff,5.180000,0.0011
00 00,00 80,Beacon,embedded,2713,ff:ff:ff:ff:ff:ff,a:8d:cb:84:9b:ff,a:8d:cb:84:9b:ff,5.180000,0.0011
00 00,00 80,Beacon,embedded,2712,ff:ff:ff:ff:ff:ff,a:8d:cb:84:9b:ff,a:8d:cb:84:9b:ff,5.180000,0.0011
00 00,00 80,Beacon,embedded,2711,ff:ff:ff:ff:ff:ff,a:8d:cb:84:9b:ff,a:8d:cb:84:9b:ff,5.180000,0.0011
00 00,00 80,Beacon,embedded,2710,ff:ff:ff:ff:ff:ff,a:8d:cb:84:9b:ff,a:8d:cb:84:9b:ff,5.180000,0.0011
00 00,00 80,Beacon,embedded,2709,ff:ff:ff:ff:ff:ff,a:8d:cb:84:9b:ff,a:8d:cb:84:9b:ff,5.180000,0.0011
00 00,00 80,Beacon,embedded,2708,ff:ff:ff:ff:ff:ff,a:8d:cb:84:9b:ff,a:8d:cb:84:9b:ff,5.180000,0.0011
00 00,00 80,Beacon,embedded,2707,ff:ff:ff:ff:ff:ff,a:8d:cb:84:9b:ff,a:8d:cb:84:9b:ff,5.180000,0.0011
00 00,00 80,Beacon,embedded,2706,ff:ff:ff:ff:ff:ff,a:8d:cb:84:9b:ff,a:8d:cb:84:9b:ff,5.180000,0.0011
00 00,00 80,Beacon,embedded,2705,ff:ff:ff:ff:ff:ff,a:8d:cb:84:9b:ff,a:8d:cb:84:9b:ff,5.180000,0.0011
00 00,00 80,Beacon,embedded,2703,ff:ff:ff:ff:ff:ff,a:8d:cb:84:9b:ff,a:8d:cb:84:9b:ff,5.180000,0.0011
00 00,00 80,Beacon,embedded,2702,ff:ff:ff:ff:ff:ff,a:8d:cb:84:9b:ff,a:8d:cb:84:9b:ff,5.180000,0.0011
00 00,00 80,Beacon,embedded,2701,ff:ff:ff:ff:ff:ff,a:8d:cb:84:9b:ff,a:8d:cb:84:9b:ff,5.180000,0.0011
00 00,00 80,Beacon,embedded,2700,ff:ff:ff:ff:ff:ff,a:8d:cb:84:9b:ff,a:8d:cb:84:9b:ff,5.180000,0.0011
00 00,00 80,Beacon,embedded,2699,ff:ff:ff:ff:ff:ff,a:8d:cb:84:9b:ff,a:8d:cb:84:9b:ff,5.180000,0.0011
00 00,00 80,Beacon,embedded,2698,ff:ff:ff:ff:ff:ff,a:8d:cb:84:9b:ff,a:8d:cb:84:9b:ff,5.180000,0.0011
00 00,00 80,Beacon,embedded,2697,ff:ff:ff:ff:ff:ff,a:8d:cb:84:9b:ff,a:8d:cb:84:9b:ff,5.180000,0.0011
00 00,00 80,Beacon,embedded,2696,ff:ff:ff:ff:ff:ff,a:8d:cb:84:9b:ff,a:8d:cb:84:9b:ff,5.180000,0.0011
00 00,00 80,Beacon,embedded,2695,ff:ff:ff:ff:ff:ff,a:8d:cb:84:9b:ff,a:8d:cb:84:9b:ff,5.180000,0.0011
00 00,00 80,Beacon,embedded,2694,ff:ff:ff:ff:ff:ff,a:8d:cb:84:9b:ff,a:8d:cb:84:9b:ff,5.180000,0.0011
00 00,00 80,Beacon,embedded,2693,ff:ff:ff:ff:ff:ff,a:8d:cb:84:9b:ff,a:8d:cb:84:9b:ff,5.180000,0.0011
00 00,00 80,Beacon,embedded,2691,ff:ff:ff:ff:ff:ff,a:8d:cb:84:9b:ff,a:8d:cb:84:9b:ff,5.180000,0.0011
00 00,00 80,Beacon,embedded,2690,ff:ff:ff:ff:ff:ff,a:8d:cb:84:9b:ff,a:8d:cb:84:9b:ff,5.180000,0.0011
00 00,00 80,Beacon,embedded,2689,ff:ff:ff:ff:ff:ff,a:8d:cb:84:9b:ff,a:8d:cb:84:9b:ff,5.180000,0.0011
00 00,00 80,Beacon,embedded,2688,ff:ff:ff:ff:ff:ff,a:8d:cb:84:9b:ff,a:8d:cb:84:9b:ff,5.180000,0.0011
00 00,00 80,Beacon,embedded,2686,ff:ff:ff:ff:ff:ff,a:8d:cb:84:9b:ff,a:8d:cb:84:9b:ff,5.180000,0.0011
00 00,00 80,Beacon,embedded,2685,ff:ff:ff:ff:ff:ff,a:8d:cb:84:9b:ff,a:8d:cb:84:9b:ff,5.180000,0.0011
00 00,00 80,Beacon,embedded,2684,ff:ff:ff:ff:ff:ff,a:8d:cb:84:9b:ff,a:8d:cb:84:9b:ff,5.180000,0.0011
00 00,00 80,Beacon,embedded,2683,ff:ff:ff:ff:ff:ff,a:8d:cb:84:9b:ff,a:8d:cb:84:9b:ff,5.180000,0.0011
00 00,00 80,Beacon,embedded,2682,ff:ff:ff:ff:ff:ff,a:8d:cb:84:9b:ff,a:8d:cb:84:9b:ff,5.180000,0.0011
00 00,00 80,Beacon,embedded,2681,ff:ff:ff:ff:ff:ff,a:8d:cb:84:9b:ff,a:8d:cb:84:9b:ff,5.180000,0.0011
00 00,00 80,Beacon,embedded,2680,ff:ff:ff:ff:ff:ff,a:8d:cb:84:9b:ff,a:8d:cb:84:9b:ff,5.180000,0.0011
00 00,00 80,Beacon,embedded,2677,ff:ff:ff:ff:ff:ff,a:8d:cb:84:9b:ff,a:8d:cb:84:9b:ff,5.180000,0.0011
00 00,00 80,Beacon,embedded,2676,ff:ff:ff:ff:ff:ff,a:8d:cb:84:9b:ff,a:8d:cb:84:9b:ff,5.180000,0.0011
00 00,00 80,Beacon,embedded,2675,ff:ff:ff:ff:ff:ff,a:8d:cb:84:9b:ff,a:8d:cb:84:9b:ff,5.180000,0.0011
00 00,00 80,Beacon,embedded,2674,ff:ff:ff:ff:ff:ff,a:8d:cb:84:9b:ff,a:8d:cb:84:9b:ff,5.180000,0.0011
00 00,00 80,Beacon,embedded,2673,ff:ff:ff:ff:ff:ff,a:8d:cb:84:9b:ff,a:8d:cb:84:9b:ff,5.180000,0.0011
00 00,00 80,Beacon,embedded,2672,ff:ff:ff:ff:ff:ff,a:8d:cb:84:9b:ff,a:8d:cb:84:9b:ff,5.180000,0.0011
00 00,00 80,Beacon,embedded,2669,ff:ff:ff:ff:ff:ff,a:8d:cb:84:9b:ff,a:8d:cb:84:9b:ff,5.180000,0.0011
00 00,00 80,Beacon,embedded,2668,ff:ff:ff:ff:ff:ff,a:8d:cb:84:9b:ff,a:8d:cb:84:9b:ff,5.180000,0.0011
00 00,00 80,Beacon,embedded,2665,ff:ff:ff:ff:ff:ff,a:8d:cb:84:9b:ff,a:8d:cb:84:9b:ff,5.180000,0.0011
00 00,00 80,Beacon,embedded,2664,ff:ff:ff:ff:ff:ff,a:8d:cb:84:9b:ff,a:8d:cb:84:9b:ff,5.180000,0.0011
00 00,00 80,Beacon,embedded,2663,ff:ff:ff:ff:ff:ff,a:8d:cb:84:9b:ff,a:8d:cb:84:9b:ff,5.180000,0.0011
00 00,00 80,Beacon,embedded,2662,ff:ff:ff:ff:ff:ff,a:8d:cb:84:9b:ff,a:8d:cb:84:9b:ff,5.180000,0.0011
00 00,00 80,Beacon,embedded,2661,ff:ff:ff:ff:ff:ff,a:8d:cb:84:9b:ff,a:8d:cb:84:9b:ff,5.180000,0.0011
00 00,00 80,Beacon,embedded,2660,ff:ff:ff:ff:ff:ff,a:8d:cb:84:9b:ff,a:8d:cb:84:9b:ff,5.180000,0.0011
00 00,00 80,Beacon,embedded,2659,ff:ff:ff:ff:ff:ff,a:8d:cb:84:9b:ff,a:8d:cb:84:9b:ff,5.180000,0.0011
00 00,00 80,Beacon,embedded,2658,ff:ff:ff:ff:ff:ff,a:8d:cb:84:9b:ff,a:8d:cb:84:9b:ff,5.180000,0.0011
00 00,00 80,Beacon,embedded,2657,ff:ff:ff:ff:ff:ff,a:8d:cb:84:9b:ff,a:8d:cb:84:9b:ff,5.180000,0.0011
00 00,00 80,Beacon,embedded,2656,ff:ff:ff:ff:ff:ff,a:8d:cb:84:9b:ff,a:8d:cb:84:9b:ff,5.180000,0.0011
00 00,00 80,Beacon,embedded,2655,ff:ff:ff:ff:ff:ff,a:8d:cb:84:9b:ff,a:8d:cb:84:9b:ff,5.180000,0.0011
00 00,00 80,Beacon,embedded,2654,ff:ff:ff:ff:ff:ff,a:8d:cb:84:9b:ff,a:8d:cb:84:9b:ff,5.180000,0.0011
00 00,00 80,Beacon,embedded,2653,ff:ff:ff:ff:ff:ff,a:8d:cb:84:9b:ff,a:8d:cb:84:9b:ff,5.180000,0.0011
00 00,00 80,Beacon,DIRECT-;J6EADF1,98,ff:ff:ff:ff:ff:ff,ba:86:87:6e:ad:f1,ba:86:87:6e:ad:f1,2.437000,0.0011
00 00,00 80,Beacon,DIRECT-;J6EADF1,97,ff:ff:ff:ff:ff:ff,ba:86:87:6e:ad:f1,ba:86:87:6e:ad:f1,2.437000,0.0011
00 00,00 80,Beacon,DIRECT-;J6EADF1,94,ff:ff:ff:ff:ff:ff,ba:86:87:6e:ad:f1,ba:86:87:6e:ad:f1,2.437000,0.0011
00 00,00 80,Beacon,DIRECT-;J6EADF1,90,ff:ff:ff:ff:ff:ff,ba:86:87:6e:ad:f1,ba:86:87:6e:ad:f1,2.437000,0.0011
00 00,00 80,Beacon,DIRECT-;J6EADF1,89,ff:ff:ff:ff:ff:ff,ba:86:87:6e:ad:f1,ba:86:87:6e:ad:f1,2.437000,0.0011
00 00,00 80,Beacon,DIRECT-;J6EADF1,88,ff:ff:ff:ff:ff:ff,ba:86:87:6e:ad:f1,ba:86:87:6e:ad:f1,2.437000,0.0011
00 00,00 80,Beacon,DIRECT-;J6EADF1,87,ff:ff:ff:ff:ff:ff,ba:86:87:6e:ad:f1,ba:86:87:6e:ad:f1,2.437000,0.0011
00 00,00 80,Beacon,DIRECT-;J6EADF1,86,ff:ff:ff:ff:ff:ff,ba:86:87:6e:ad:f1,ba:86:87:6e:ad:f1,2.437000,0.0011
00 00,00 80,Beacon,DIRECT-;J6EADF1,83,ff:ff:ff:ff:ff:ff,ba:86:87:6e:ad:f1,ba:86:87:6e:ad:f1,2.437000,0.0011
00 00,00 80,Beacon,DIRECT-;J6EADF1,82,ff:ff:ff:ff:ff:ff,ba:86:87:6e:ad:f1,ba:86:87:6e:ad:f1,2.437000,0.0011
00 00,00 80,Beacon,DIRECT-;J6EADF1,78,ff:ff:ff:ff:ff:ff,ba:86:87:6e:ad:f1,ba:86:87:6e:ad:f1,2.437000,0.0011
00 00,00 80,Beacon,DIRECT-;J6EADF1,77,ff:ff:ff:ff:ff:ff,ba:86:87:6e:ad:f1,ba:86:87:6e:ad:f1,2.437000,0.0011
00 00,00 80,Beacon,DIRECT-;J6EADF1,76,ff:ff:ff:ff:ff:ff,ba:86:87:6e:ad:f1,ba:86:87:6e:ad:f1,2.437000,0.0011
00 00,00 80,Beacon,DIRECT-;J6EADF1,75,ff:ff:ff:ff:ff:ff,ba:86:87:6e:ad:f1,ba:86:87:6e:ad:f1,2.437000,0.0011
00 00,00 80,Beacon,DIRECT-;J6EADF1,74,ff:ff:ff:ff:ff:ff,ba:86:87:6e:ad:f1,ba:86:87:6e:ad:f1,2.437000,0.0011
00 00,00 80,Beacon,DIRECT-;J6EADF1,73,ff:ff:ff:ff:ff:ff,ba:86:87:6e:ad:f1,ba:86:87:6e:ad:f1,2.437000,0.0011
00 00,00 80,Beacon,DIRECT-;J6EADF1,71,ff:ff:ff:ff:ff:ff,ba:86:87:6e:ad:f1,ba:86:87:6e:ad:f1,2.437000,0.0011
00 00,00 80,Beacon,DIRECT-;J6EADF1,70,ff:ff:ff:ff:ff:ff,ba:86:87:6e:ad:f1,ba:86:87:6e:ad:f1,2.437000,0.0011
00 00,00 80,Beacon,DIRECT-;J6EADF1,68,ff:ff:ff:ff:ff:ff,ba:86:87:6e:ad:f1,ba:86:87:6e:ad:f1,2.437000,0.0011
00 00,00 80,Beacon,DIRECT-;J6EADF1,67,ff:ff:ff:ff:ff:ff,ba:86:87:6e:ad:f1,ba:86:87:6e:ad:f1,2.437000,0.0011
00 00,00 80,Beacon,DIRECT-;J6EADF1,66,ff:ff:ff:ff:ff:ff,ba:86:87:6e:ad:f1,ba:86:87:6e:ad:f1,2.437000,0.0011
00 00,00 80,Beacon,DIRECT-;J6EADF1,65,ff:ff:ff:ff:ff:ff,ba:86:87:6e:ad:f1,ba:86:87:6e:ad:f1,2.437000,0.0011
00 00,00 80,Beacon,DIRECT-;J6EADF1,64,ff:ff:ff:ff:ff:ff,ba:86:87:6e:ad:f1,ba:86:87:6e:ad:f1,2.437000,0.0011
00 00,00 80,Beacon,DIRECT-;J6EADF1,60,ff:ff:ff:ff:ff:ff,ba:86:87:6e:ad:f1,ba:86:87:6e:ad:f1,2.437000,0.0011
00 00,00 80,Beacon,DIRECT-;J6EADF1,59,ff:ff:ff:ff:ff:ff,ba:86:87:6e:ad:f1,ba:86:87:6e:ad:f1,2.437000,0.0011
00 00,00 80,Beacon,DIRECT-;J6EADF1,56,ff:ff:ff:ff:ff:ff,ba:86:87:6e:ad:f1,ba:86:87:6e:ad:f1,2.437000,0.0011
00 00,00 80,Beacon,DIRECT-;J6EADF1,54,ff:ff:ff:ff:ff:ff,ba:86:87:6e:ad:f1,ba:86:87:6e:ad:f1,2.437000,0.0011
00 00,00 80,Beacon,DIRECT-;J6EADF1,49,ff:ff:ff:ff:ff:ff,ba:86:87:6e:ad:f1,ba:86:87:6e:ad:f1,2.437000,0.0011
00 00,00 80,Beacon,DIRECT-;J6EADF1,47,ff:ff:ff:ff:ff:ff,ba:86:87:6e:ad:f1,ba:86:87:6e:ad:f1,2.437000,0.0011
00 00,00 80,Beacon,DIRECT-;J6EADF1,46,ff:ff:ff:ff:ff:ff,ba:86:87:6e:ad:f1,ba:86:87:6e:ad:f1,2.437000,0.0011
00 00,00 80,Beacon,DIRECT-;J6EADF1,45,ff:ff:ff:ff:ff:ff,ba:86:87:6e:ad:f1,ba:86:87:6e:ad:f1,2.437000,0.0011
00 00,00 80,Beacon,DIRECT-;J6EADF1,4093,ff:ff:ff:ff:ff:ff,ba:86:87:6e:ad:f1,ba:86:87:6e:ad:f1,2.437000,0.0011
00 00,00 80,Beacon,DIRECT-;J6EADF1,4092,ff:ff:ff:ff:ff:ff,ba:86:87:6e:ad:f1,ba:86:87:6e:ad:f1,2.437000,0.0011
00 00,00 80,Beacon,DIRECT-;J6EADF1,4091,ff:ff:ff:ff:ff:ff,ba:86:87:6e:ad:f1,ba:86:87:6e:ad:f1,2.437000,0.0011
00 00,00 80,Beacon,DIRECT-;J6EADF1,4089,ff:ff:ff:ff:ff:ff,ba:86:87:6e:ad:f1,ba:86:87:6e:ad:f1,2.437000,0.0011
00 00,00 80,Beacon,DIRECT-;J6EADF1,4088,ff:ff:ff:ff:ff:ff,ba:86:87:6e:ad:f1,ba:86:87:6e:ad:f1,2.437000,0.0011
00 00,00 80,Beacon,DIRECT-;J6EADF1,4087,ff:ff:ff:ff:ff:ff,ba:86:87:6e:ad:f1,ba:86:87:6e:ad:f1,2.437000,0.0011
00 00,00 80,Beacon,DIRECT-;J6EADF1,4086,ff:ff:ff:ff:ff:ff,ba:86:87:6e:ad:f1,ba:86:87:6e:ad:f1,2.437000,0.0011
00 00,00 80,Beacon,DIRECT-;J6EADF1,4084,ff:ff:ff:ff:ff:ff,ba:86:87:6e:ad:f1,ba:86:87:6e:ad:f1,2.437000,0.0011
00 00,00 80,Beacon,DIRECT-;J6EADF1,4083,ff:ff:ff:ff:ff:ff,ba:86:87:6e:ad:f1,ba:86:87:6e:ad:f1,2.437000,0.0011
00 00,00 80,Beacon,DIRECT-;J6EADF1,4080,ff:ff:ff:ff:ff:ff,ba:86:87:6e:ad:f1,ba:86:87:6e:ad:f1,2.437000,0.0011
00 00,00 80,Beacon,DIRECT-;J6EADF1,4079,ff:ff:ff:ff:ff:ff,ba:86:87:6e:ad:f1,ba:86:87:6e:ad:f1,2.437000,0.0011
00 00,00 80,Beacon,DIRECT-;J6EADF1,4072,ff:ff:ff:ff:ff:ff,ba:86:87:6e:ad:f1,ba:86:87:6e:ad:f1,2.437000,0.0011
00 00,00 80,Beacon,DIRECT-;J6EADF1,4070,ff:ff:ff:ff:ff:ff,ba:86:87:6e:ad:f1,ba:86:87:6e:ad:f1,2.437000,0.0011
00 00,00 80,Beacon,DIRECT-;J6EADF1,4050,ff:ff:ff:ff:ff:ff,ba:86:87:6e:ad:f1,ba:86:87:6e:ad:f1,2.437000,0.0011
00 00,00 80,Beacon,DIRECT-;J6EADF1,4045,ff:ff:ff:ff:ff:ff,ba:86:87:6e:ad:f1,ba:86:87:6e:ad:f1,2.437000,0.0011
00 00,00 80,Beacon,DIRECT-;J6EADF1,4044,ff:ff:ff:ff:ff:ff,ba:86:87:6e:ad:f1,ba:86:87:6e:ad:f1,2.437000,0.0011
00 00,00 80,Beacon,DIRECT-;J6EADF1,4043,ff:ff:ff:ff:ff:ff,ba:86:87:6e:ad:f1,ba:86:87:6e:ad:f1,2.437000,0.0011
00 00,00 80,Beacon,DIRECT-;J6EADF1,4042,ff:ff:ff:ff:ff:ff,ba:86:87:6e:ad:f1,ba:86:87:6e:ad:f1,2.437000,0.0011
00 00,00 80,Beacon,DIRECT-;J6EADF1,4041,ff:ff:ff:ff:ff:ff,ba:86:87:6e:ad:f1,ba:86:87:6e:ad:f1,2.437000,0.0011
00 00,00 80,Beacon,DIRECT-;J6EADF1,4033,ff:ff:ff:ff:ff:ff,ba:86:87:6e:ad:f1,ba:86:87:6e:ad:f1,2.437000,0.0011
00 00,00 80,Beacon,DIRECT-;J6EADF1,4032,ff:ff:ff:ff:ff:ff,ba:86:87:6e:ad:f1,ba:86:87:6e:ad:f1,2.437000,0.0011
00 00,00 80,Beacon,DIRECT-;J6EADF1,38,ff:ff:ff:ff:ff:ff,ba:86:87:6e:ad:f1,ba:86:87:6e:ad:f1,2.437000,0.0011
00 00,00 80,Beacon,DIRECT-;J6EADF1,34,ff:ff:ff:ff:ff:ff,ba:86:87:6e:ad:f1,ba:86:87:6e:ad:f1,2.437000,0.0011
00 00,00 80,Beacon,DIRECT-;J6EADF1,29,ff:ff:ff:ff:ff:ff,ba:86:87:6e:ad:f1,ba:86:87:6e:ad:f1,2.437000,0.0011
00 00,00 80,Beacon,DIRECT-;J6EADF1,28,ff:ff:ff:ff:ff:ff,ba:86:87:6e:ad:f1,ba:86:87:6e:ad:f1,2.437000,0.0011
00 00,00 80,Beacon,DIRECT-;J6EADF1,27,ff:ff:ff:ff:ff:ff,ba:86:87:6e:ad:f1,ba:86:87:6e:ad:f1,2.437000,0.0011
00 00,00 80,Beacon,DIRECT-;J6EADF1,26,ff:ff:ff:ff:ff:ff,ba:86:87:6e:ad:f1,ba:86:87:6e:ad:f1,2.437000,0.0011
00 00,00 80,Beacon,DIRECT-;J6EADF1,22,ff:ff:ff:ff:ff:ff,ba:86:87:6e:ad:f1,ba:86:87:6e:ad:f1,2.437000,0.0011
00 00,00 80,Beacon,DIRECT-;J6EADF1,14,ff:ff:ff:ff:ff:ff,ba:86:87:6e:ad:f1,ba:86:87:6e:ad:f1,2.437000,0.0011
00 00,00 80,Beacon,DIRECT-;J6EADF1,13,ff:ff:ff:ff:ff:ff,ba:86:87:6e:ad:f1,ba:86:87:6e:ad:f1,2.437000,0.0011
00 00,00 80,Beacon,DIRECT-;J6EADF1,119,ff:ff:ff:ff:ff:ff,ba:86:87:6e:ad:f1,ba:86:87:6e:ad:f1,2.437000,0.0011
00 00,00 80,Beacon,DIRECT-;J6EADF1,117,ff:ff:ff:ff:ff:ff,ba:86:87:6e:ad:f1,ba:86:87:6e:ad:f1,2.437000,0.0011
00 00,00 80,Beacon,DIRECT-;J6EADF1,112,ff:ff:ff:ff:ff:ff,ba:86:87:6e:ad:f1,ba:86:87:6e:ad:f1,2.437000,0.0011
00 00,00 80,Beacon,DIRECT-;J6EADF1,109,ff:ff:ff:ff:ff:ff,ba:86:87:6e:ad:f1,ba:86:87:6e:ad:f1,2.437000,0.0011
00 00,00 80,Beacon,DIRECT-;J6EADF1,108,ff:ff:ff:ff:ff:ff,ba:86:87:6e:ad:f1,ba:86:87:6e:ad:f1,2.437000,0.0011
00 00,00 80,Beacon,DIRECT-;J6EADF1,105,ff:ff:ff:ff:ff:ff,ba:86:87:6e:ad:f1,ba:86:87:6e:ad:f1,2.437000,0.0011
00 00,00 80,Beacon,DIRECT-;J6EADF1,104,ff:ff:ff:ff:ff:ff,ba:86:87:6e:ad:f1,ba:86:87:6e:ad:f1,2.437000,0.0011
00 00,00 80,Beacon,DIRECT-;J6EADF1,103,ff:ff:ff:ff:ff:ff,ba:86:87:6e:ad:f1,ba:86:87:6e:ad:f1,2.437000,0.0011
00 00,00 80,Beacon,DIRECT-;J6EADF1,102,ff:ff:ff:ff:ff:ff,ba:86:87:6e:ad:f1,ba:86:87:6e:ad:f1,2.437000,0.0011
00 00,00 80,Beacon,DIRECT-;J6EADF1,101,ff:ff:ff:ff:ff:ff,ba:86:87:6e:ad:f1,ba:86:87:6e:ad:f1,2.437000,0.0011
00 00,00 80,Beacon,DIRECT-;J6EADF1,100,ff:ff:ff:ff:ff:ff,ba:86:87:6e:ad:f1,ba:86:87:6e:ad:f1,2.437000,0.0011
00 00,00 80,Beacon,DIRECT-;J6EADF1,0,ff:ff:ff:ff:ff:ff,ba:86:87:6e:ad:f1,ba:86:87:6e:ad:f1,2.437000,0.0011
00 00,00 40,Probe Request,UNKNOWN,332,ff:ff:ff:ff:ff:ff,64:80:99:c3:6d:97,ff:ff:ff:ff:ff:ff,2.432000,0.0011
00 00,00 40,Probe Request,UNKNOWN,331,ff:ff:ff:ff:ff:ff,64:80:99:c3:6d:97,ff:ff:ff:ff:ff:ff,2.432000,0.0011
00 00,00 08,Data,N/A,3833,ff:ff:ff:ff:ff:ff,32:8d:cb:84:9b:ff,0:0:0:0:0:0,5.180000,0.0011
00 00,00 08,Data,N/A,3829,ff:ff:ff:ff:ff:ff,32:8d:cb:84:9b:ff,0:0:0:0:0:0,5.180000,0.0011
00 00,00 08,Data,N/A,3828,ff:ff:ff:ff:ff:ff,32:8d:cb:84:9b:ff,0:0:0:0:0:0,5.180000,0.0011
00 00,00 08,Data,N/A,3826,ff:ff:ff:ff:ff:ff,32:8d:cb:84:9b:ff,0:0:0:0:0:0,5.180000,0.0011
00 00,00 08,Data,N/A,3824,ff:ff:ff:ff:ff:ff,32:8d:cb:84:9b:ff,0:0:0:0:0:0,5.180000,0.0011
00 00,00 08,Data,N/A,3822,ff:ff:ff:ff:ff:ff,32:8d:cb:84:9b:ff,0:0:0:0:0:0,5.180000,0.0011
00 00,00 08,Data,N/A,3818,ff:ff:ff:ff:ff:ff,32:8d:cb:84:9b:ff,0:0:0:0:0:0,5.180000,0.0011
00 00,00 08,Data,N/A,3048,da:b1:90:db:d7:70,0:0:0:0:0:0,0:0:0:0:0:0,2.452000,0.0011
