00 00,00 94,Block ACK,N/A,CTL,0:e1:b0:10:10:12,2.41200
00 00,00 94,Block ACK,N/A,CTL,9c:e3:3f:5:49:c9,2.41200
00 00,00 94,Block ACK,N/A,CTL,9c:e3:3f:5:49:c9,2.41200
00 00,00 94,Block ACK,N/A,CTL,9c:e3:3f:5:49:c9,2.41200
00 00,00 94,Block ACK,N/A,CTL,9c:e3:3f:5:49:c9,2.41200
00 00,00 94,Block ACK,N/A,CTL,9c:e3:3f:5:49:c9,2.41200
00 00,00 80,Beacon,SOC-LAB,672,ff:ff:ff:ff:ff:ff,5.1800
00 00,00 80,Beacon,SOC-LAB,673,ff:ff:ff:ff:ff:ff,5.1800
00 00,00 80,Beacon,SOC-LAB,676,ff:ff:ff:ff:ff:ff,5.1800
00 00,00 80,Beacon,SOC-MGMT,2659,ff:ff:ff:ff:ff:ff,5.1800
00 00,00 80,Beacon,SOC-MGMT,2683,ff:ff:ff:ff:ff:ff,5.1800
00 00,00 80,Beacon,LTE-Lab,700,ff:ff:ff:ff:ff:ff,5.1800
00 00,00 80,Beacon,LTE-Lab,3570,ff:ff:ff:ff:ff:ff,5.1800
00 00,00 80,Beacon,LTE-Lab,3572,ff:ff:ff:ff:ff:ff,5.1800
00 00,00 80,Beacon,embedded,2728,ff:ff:ff:ff:ff:ff,5.1800
00 00,00 80,Beacon,embedded,2729,ff:ff:ff:ff:ff:ff,5.1800
00 00,00 80,Beacon,embedded,2730,ff:ff:ff:ff:ff:ff,5.1800
00 00,00 80,Beacon,embedded,2731,ff:ff:ff:ff:ff:ff,5.1800
00 00,00 80,Beacon,embedded,2732,ff:ff:ff:ff:ff:ff,5.1800